Top,p.value,FDR,logFC,feats,cluster,ranking
1,8.93673843966482e-13,4.852648972738e-09,1.35538048656885,SPP1,1,1
2,4.44060338119884e-12,1.20562381799548e-08,1.2742349771469,PDZK1IP1,1,5
3,1.76938994563195e-11,3.20259580159383e-08,1.29617473646376,TTTY14,1,4
4,1.08153716004094e-10,1.18991711910801e-07,1.30338429688173,C3,1,2
5,1.09568795497975e-10,1.18991711910801e-07,1.1085032743243,MUC1,1,8
6,2.53484407468469e-10,2.29403388758964e-07,1.23863282236564,DCDC2,1,6
7,3.37479714174579e-10,2.61787835423995e-07,-1.25153445536865,B2M,1,5426
8,1.03457316289482e-09,7.02216534314862e-07,0.999510977860025,MMP7,1,15
9,7.47766824334228e-09,4.51152650681652e-06,-1.31059243090749,MT-ND2,1,5429
10,1.73688801212812e-08,9.43130190585569e-06,1.15710733095732,CLDN3,1,7
11,2.2591654119005e-08,1.06333564357701e-05,0.871409312388148,PCNP,1,26
12,2.34991302447958e-08,1.06333564357701e-05,-1.03967400514534,ATP6V0A4,1,5421
13,3.39014520083577e-08,1.4160375723491e-05,-1.2921081275407,MT-CO3,1,5427
14,3.82283139436766e-08,1.48271246224403e-05,0.985879121090819,AGRN,1,17
15,6.47132844794576e-08,2.17420200661081e-05,-1.38616669979342,MT-CO2,1,5430
16,6.6594056931086e-08,2.17420200661081e-05,-1.01002711710509,RARRES2,1,5418
17,6.87028109659551e-08,2.17420200661081e-05,-1.17746668582416,MT-ND5,1,5424
18,7.20729946942811e-08,2.17420200661081e-05,1.0007366509875,NNMT,1,14
19,8.52459764195476e-08,2.43624027346391e-05,-1.0196949633639,COX7C,1,5419
20,1.32135089227094e-07,3.5874676725156e-05,1.29901606005689,ARHGAP29,1,3
21,1.97883801290199e-07,5.11670971907515e-05,-1.29961799755786,MT-ND4,1,5428
22,2.57977210388556e-07,6.36734660186299e-05,-0.8618192867,COX7B,1,5415
23,3.84481546647856e-07,9.07710781868634e-05,0.866566019059149,SLPI,1,27
24,4.27318560611297e-07,9.66808243383059e-05,-0.690740343088507,MYZAP,1,5390
25,4.90029880492635e-07,0.000106434490043,0.716138943553873,PLXNB2,1,51
26,6.73737106655697e-07,0.000140707403428478,-1.08833315662503,MT-CYB,1,5422
27,7.7102207221255e-07,0.000155061105633857,-0.683363220890005,ENSG00000291105,1,5388
28,1.14071830107578e-06,0.00021834887525624,-1.10173458220398,MT-ND3,1,5423
29,1.16613579786942e-06,0.00021834887525624,-1.03421376662018,NDUFA4,1,5420
30,1.24430275628728e-06,0.000225218798887998,-0.93816608863441,BPIFA2,1,5417
31,1.39799637301472e-06,0.000244874848563545,-0.799752792429275,MT2A,1,5411
32,1.47309038954837e-06,0.000249965025476489,0.902365435449926,COL4A2,1,21
33,1.52439490001533e-06,0.000250832251729796,1.04183103241453,PIGR,1,11
34,1.71867621743773e-06,0.000274482701784908,-0.777564684242061,PPIA,1,5407
35,1.77063570843264e-06,0.000274701482765407,1.0997139260973,LTF,1,9
36,2.0444176493837e-06,0.000308366328782041,-0.763676954780203,RHCG,1,5405
37,3.08092033176116e-06,0.000452145875715219,-1.20279219055807,MT-ATP6,1,5425
38,4.04326289705401e-06,0.000577760987657981,0.880828002755768,ITM2C,1,24
39,5.67225541863018e-06,0.000773168319904726,1.0418194578851,SLC34A2,1,12
40,5.7303825985863e-06,0.000773168319904726,0.90494671195555,AIF1L,1,20
41,5.83791917423458e-06,0.000773168319904726,-0.81688193507456,SEC11C,1,5413
42,6.76485172256778e-06,0.000860567474936334,0.707322665637475,ENO1,1,58
43,6.84979811617992e-06,0.000860567474936334,-0.642602655067064,IFI27,1,5377
44,6.97329077296477e-06,0.000860567474936334,0.761207522983367,SAT1,1,45
45,9.23448636212913e-06,0.00111429468769692,0.95031069577772,DAPK1,1,18
46,1.02412860896262e-05,0.00120891703188414,-0.738697210095134,CRYAB,1,5399
47,1.27471269375963e-05,0.00146718354219329,-0.580568085344285,DCUN1D4,1,5351
48,1.34296207844245e-05,0.00146718354219329,1.00695179228297,BICC1,1,13
49,1.34316747087817e-05,0.00146718354219329,-0.785556120476105,COX7A1,1,5408
50,1.35099773682623e-05,0.00146718354219329,-0.709400532782292,AVPR1A,1,5395
51,1.4255185981534e-05,0.00151775803685744,-0.92763356951981,MT-ATP8,1,5416
52,1.45438619921588e-05,0.00151871481956581,-0.631484597595413,EEF1G,1,5373
53,1.48744234678798e-05,0.0015239267817092,-0.561630014361395,PLXDC2,1,5338
54,1.87002701282257e-05,0.0018804160517827,0.928034993673423,COL4A1,1,19
55,2.12548220120815e-05,0.0020715119471938,-0.790055529456761,ATP5F1E,1,5409
56,2.13636591239139e-05,0.0020715119471938,-0.741410689153815,NDUFA1,1,5401
57,2.18339589513132e-05,0.00207997187904616,-0.739333246168557,SLC25A5,1,5400
58,2.26047587048413e-05,0.002116273099436,0.723345864268401,ACTN4,1,49
59,2.40164348047849e-05,0.00221032611847427,-0.792694691948747,HLA-B,1,5410
60,2.46240426926419e-05,0.00222847586368409,0.807873571221414,JPT1,1,36
61,2.54300752928687e-05,0.00226369358754552,-0.695794197717276,ADCYAP1,1,5392
62,2.72927983745061e-05,0.00236669385083769,0.989415265881342,OBSL1,1,16
63,2.74588789323709e-05,0.00236669385083769,-0.837299122966352,IGFBP5,1,5414
64,2.80752198084014e-05,0.00237019264490172,-0.672476071835066,KLK1,1,5385
65,2.84292901405239e-05,0.00237019264490172,-0.805415575922119,ATP6V0D2,1,5412
66,2.8808971374496e-05,0.00237019264490172,-0.73295843181989,DMRT2,1,5397
67,3.07359466544617e-05,0.00249098791542876,0.654160057332517,CD24,1,75
68,3.1371815764023e-05,0.0025051317588036,0.813243524118706,KRT19,1,34
69,3.19470953991809e-05,0.00251409750750075,-0.532858331260064,ETS2,1,5313
70,3.27258062675716e-05,0.00253858754332734,-0.606732967180126,DDRGK1,1,5363
71,3.39069814990395e-05,0.00259316773999697,0.866055812044547,COL18A1,1,28
72,3.67131817721764e-05,0.0027504463800168,-0.618777816166298,APRT,1,5368
73,3.69765351272976e-05,0.0027504463800168,0.898088010360653,HNF1B,1,22
74,4.20944549807898e-05,0.00308882284521201,-0.726745310391926,RPL17,1,5396
75,4.31801430402144e-05,0.00312624235611152,0.874132749089212,S100A16,1,25
76,4.57649679029847e-05,0.0032697865225422,-0.583568641703883,CCPG1,1,5354
77,4.99214921303507e-05,0.00350594115228243,-0.737979511726659,SPINK1,1,5398
78,5.03615856128968e-05,0.00350594115228243,1.08336876695443,ANPEP,1,10
79,5.21901019439626e-05,0.00358724371589515,-0.638461122172257,CD59,1,5375
80,5.37568924288849e-05,0.00364874907361056,-0.622009298027587,ACO2,1,5370
81,5.5661134730347e-05,0.00373135755044178,-0.774967740959934,MT-ND1,1,5406
82,5.79086079419798e-05,0.00383467976981647,-0.648428897083781,CD63,1,5381
83,6.25234676296501e-05,0.00409039071360241,-0.568283858565879,LINC02967,1,5341
84,6.73397943057689e-05,0.00435303670333721,-0.590185966769123,C1QC,1,5358
85,7.09326749669723e-05,0.00453134617730188,0.864009032375776,PROM1,1,29
86,7.87416355479036e-05,0.00490109770310119,-0.517159274472554,PARVB,1,5302
87,7.90888218298469e-05,0.00490109770310119,-0.741998367346206,ERP27,1,5402
88,7.942847106315e-05,0.00490109770310119,-0.573973883325654,NSMF,1,5345
89,9.19233839747532e-05,0.0055841552058387,0.673969733073331,PTP4A2,1,72
90,9.255505866031e-05,0.0055841552058387,0.858595247964563,CYS1,1,32
91,9.65808251835009e-05,0.00576300967853198,-0.679713484606805,PVALB,1,5386
92,0.000100793513626455,0.00594900846730053,-0.511125910488731,OSBPL8,1,5293
93,0.00010438718713096,0.00609486479700124,-0.578055801224297,STIM1,1,5348
94,0.000107521957469189,0.00617400964547122,-0.662112179139865,UQCRQ,1,5384
95,0.000108016743336973,0.00617400964547122,0.60305748214679,CTNNA1,1,97
96,0.000115244781108571,0.00651853293145352,-0.692378525547346,SPARCL1,1,5391
97,0.000119758079737032,0.00659860020823523,-0.746758603996026,COX4I1,1,5403
98,0.000119970798947665,0.00659860020823523,-0.647750706497878,UQCRFS1,1,5380
99,0.000120860445997449,0.00659860020823523,-0.751168103831518,GPNMB,1,5404
100,0.000121521182472104,0.00659860020823523,0.797218960996375,RHOB,1,40
101,0.000123548573967561,0.00664226491726589,-0.699872410994525,FTH1,1,5393
102,0.000125199784928434,0.00666504737413131,-0.680904550689279,PTGS1,1,5387
103,0.000132102872773188,0.00696425824425642,-0.581654754863918,COX6A1,1,5352
104,0.000134071916655345,0.00700010103306273,0.633697679982133,PTTG1IP,1,86
105,0.000137145881065284,0.00709240127794753,-0.655404497734123,ITGAV,1,5382
106,0.000144831513562105,0.0074191992324739,0.682069422246129,JUP,1,69
107,0.000158785060405012,0.00803227963699842,-0.583396993248754,ABCG1,1,5353
108,0.000159758048028698,0.00803227963699842,0.759870026297595,CDH3,1,46
109,0.000165893926281933,0.00826425706156786,-0.644567287440916,NDUFB2,1,5379
110,0.000175389673856192,0.00865787208217383,-0.608051744927247,SMIM24,1,5364
111,0.000180883313674263,0.00884861615541663,-0.529681644751284,HEIH,1,5309
112,0.000190208410230495,0.00915446590411483,-0.514178008173917,SGSM3,1,5299
113,0.000190507301503679,0.00915446590411483,-0.490619301487433,CLCNKA,1,5280
114,0.000202465245467142,0.00964373932356649,-0.54092370134224,ATP6V1B1,1,5324
115,0.000214228478758743,0.0101153099100867,-0.640606004862892,SEC61B,1,5376
116,0.000216573615665142,0.0101378856298424,-0.528281332728974,MEF2A,1,5308
117,0.000221312719459916,0.0102711800569858,-0.62767273802818,PLAAT4,1,5372
118,0.000235108518258999,0.0107885143367818,0.714490124764003,CLU,1,53
119,0.000236805155634547,0.0107885143367818,0.686117368573814,ADGRE3,1,67
120,0.000238420206337719,0.0107885143367818,-0.484951862538775,LINC03033,1,5277
121,0.000247108336100594,0.0110892418597209,0.646970229915497,TNFSF10,1,77
122,0.000257476115954999,0.0114597976199643,0.547925730306516,TSPAN1,1,135
123,0.00026500088926813,0.0116988197457394,-0.530075881203905,TMPRSS2,1,5310
124,0.00026819041636517,0.0117441448456683,0.890244464965771,FAM20A,1,23
125,0.000276024578871238,0.0119238373807061,-0.570421324947104,ITIH5,1,5343
126,0.000276685729276053,0.0119238373807061,0.558668546848848,LAPTM4A,1,126
127,0.000279738113396304,0.0119604563444246,0.797869384739091,TMPRSS4,1,39
128,0.000284013653153254,0.0120483916923607,-0.455501799961587,ZBTB33,1,5239
129,0.000288068206009332,0.0120966486310895,-0.52442243185005,VTI1B,1,5307
130,0.000291623862957635,0.0120966486310895,-0.598906758072852,BANF1,1,5361
131,0.000291834432904738,0.0120966486310895,-0.605815162490258,ADGRF5,1,5362
132,0.000301114787525907,0.012334130557296,0.841352243313888,TNC,1,33
133,0.000302106696891412,0.012334130557296,0.799579027543826,MANSC1,1,38
134,0.000314377428203943,0.0127393241428911,0.686333428776259,SAA1,1,66
135,0.000332333197572414,0.0133671797245793,-0.644216887889995,CYC1,1,5378
136,0.000349734782451549,0.0139636755052346,-0.686267626152275,ALDOA,1,5389
137,0.000353863262404983,0.0140253833201391,-0.550945728510432,MMP12,1,5331
138,0.00035981477832332,0.0141579293209828,0.863156347602654,KCNJ16,1,30
139,0.000368661226049838,0.0144016579672707,-0.593050378947658,UBE2Q2P2,1,5359
140,0.000373202732853682,0.0144738454255142,-0.513291068310175,MRPL21,1,5298
141,0.000375840185082413,0.0144738454255142,-0.701188808262474,MT-ND4L,1,5394
142,0.000385868218832916,0.0147553832976249,-0.594258672820377,KIT,1,5360
143,0.000395536421722643,0.0150193200696081,-0.580368415754824,RPLP0,1,5350
144,0.00042156602614393,0.015896552235844,-0.546186976735722,APLP2,1,5328
145,0.000444723324756782,0.0166541217477885,-0.574602371839533,OGDH,1,5346
146,0.000464615362783738,0.0172798727391486,-0.614263978812097,FTL,1,5365
147,0.000471855567383058,0.0174297668768028,-0.484667034034916,PPP4R2,1,5274
148,0.000475913941345318,0.0174608966317911,-0.619713574031985,COX7A2,1,5369
149,0.000497157767463024,0.0181178971632498,0.641838198256943,ITGB6,1,81
150,0.000503128188699462,0.0182132404309205,0.716107670951881,ADAMTS1,1,52
151,0.000518905699221917,0.0186599864024835,0.76456706623014,MICU2,1,42
152,0.000537511522443685,0.0192018918872974,0.653728187088171,KITLG,1,76
153,0.000552244195283631,0.0195992547737916,-0.566422070751927,RPS12,1,5340
154,0.000562148281225771,0.0198212023834801,0.679379087966222,JAK1,1,70
155,0.000602030976020955,0.0210523434075539,-0.504995919431671,ACSS3,1,5291
156,0.000604818705631384,0.0210523434075539,0.644476197698,SUMF2,1,79
157,0.000618694256991553,0.0213981516908543,-0.51239351849414,LINC01230,1,5296
158,0.000627886829586875,0.021578642307954,0.707467633150575,S100A9,1,57
159,0.000660853089486734,0.0225687564522828,0.581316896855209,LINC02067,1,112
160,0.000691148936195813,0.0234558670221454,-0.51721455354761,HOPX,1,5303
161,0.000719374202373715,0.0242364255317044,0.636817561487702,ITGA3,1,83
162,0.000723075678846428,0.0242364255317044,0.674155993861448,CYBA,1,71
163,0.000734041227802921,0.0244530298587108,0.634262063890657,ZFP36L2,1,85
164,0.000764387484734804,0.0253086831835975,-0.497044459294912,CLTRN,1,5287
165,0.000773233841383877,0.0253879394919919,-0.47890589836179,POLR3K,1,5267
166,0.000776132220197175,0.0253879394919919,0.591599973282879,LSR,1,105
167,0.000786508714320449,0.0255733072979643,-0.555521976833556,CD9,1,5336
168,0.000808732332222626,0.0257412555960663,0.563915309179708,TMSB10,1,122
169,0.000813780307223157,0.0257412555960663,-0.475043229391244,EMB,1,5262
170,0.000814123380123919,0.0257412555960663,-0.618396664566572,CFTR,1,5367
171,0.000818402579746428,0.0257412555960663,-0.585600681748466,WDR83OS,1,5356
172,0.000819548410969732,0.0257412555960663,0.859115570870787,MRPL19,1,31
173,0.000820117351403217,0.0257412555960663,0.514369350268602,RPL18,1,168
174,0.000856739030476627,0.0267361662959085,-0.477790061326782,UTP3,1,5266
175,0.000871496413157758,0.0270412887054093,-0.51452361818631,STAC2,1,5300
176,0.000885943991377016,0.0272136429297839,0.590976197808179,ITM2B,1,106
177,0.000887074548539917,0.0272136429297839,-0.549780651591716,GLCCI1,1,5329
178,0.000895365883356905,0.0273136895877977,0.640712936488995,EIF2S3,1,82
179,0.000948226403335242,0.0287646333525719,0.701028264870877,PRKCA,1,60
180,0.000960825673403201,0.0289849078143299,0.800849647112469,PDLIM1,1,37
181,0.000980404927009302,0.0294121478102791,-0.457130158886958,TBC1D4,1,5242
182,0.00100379825264569,0.0299484863289346,-0.430546795775138,MTHFD1L,1,5194
183,0.00101368820159184,0.0300468927103298,-0.458070258415761,ENSG00000283103,1,5245
184,0.00102758043991625,0.0300468927103298,-0.574851670470063,RPS3A,1,5347
185,0.00102916298663345,0.0300468927103298,-0.53136584256345,CD14,1,5311
186,0.00102923057902787,0.0300468927103298,0.532023869727305,ERP29,1,151
187,0.00106319280671351,0.0308723900559055,0.779482155074068,HSPG2,1,41
188,0.00108918662923056,0.0314589542378826,0.572385516580583,GLS,1,116
189,0.00109790201289295,0.0315428991005753,0.574857000425613,ANXA11,1,114
190,0.00112066727353325,0.0320274910278187,0.707958253557171,FLOT2,1,56
191,0.00113910891368773,0.0323840911064104,-0.557545561842813,NDUFC1,1,5337
192,0.00114945951658721,0.0325081519534821,0.636456270367711,ADAR,1,84
193,0.0011752291021204,0.0330647358783096,0.72191275693481,HDAC1,1,50
194,0.00120071696038917,0.0334496749579652,-0.615282739631951,TCIM,1,5366
195,0.0012012314211424,0.0334496749579652,-0.457702374835556,YIF1A,1,5243
196,0.00122491759105045,0.0337670976544726,-0.554687514866551,COX6C,1,5335
197,0.00122644083315979,0.0337670976544726,-0.457796604276296,LPIN2,1,5244
198,0.001239248896487,0.0337670976544726,0.593469748204814,QPCT,1,104
199,0.00124290403145968,0.0337670976544726,-0.658335600685687,RPS29,1,5383
200,0.00124372367051465,0.0337670976544726,-0.626736001691621,OOEP-AS1,1,5371
201,0.00126395396136712,0.0339062978577266,0.698024059735991,L1CAM,1,62
202,0.00127085427473698,0.0339062978577266,-0.578936089083347,HLA-C,1,5349
203,0.00127456467529702,0.0339062978577266,0.76264763332157,MZT2B,1,44
204,0.00127681529683254,0.0339062978577266,0.587282480237718,NTN4,1,108
205,0.0012848081449685,0.0339062978577266,-0.515378982937178,KIAA0232,1,5301
206,0.00128631627231891,0.0339062978577266,0.696716021539634,HNRNPH3,1,63
207,0.00129779231336929,0.0340435374956291,-0.552896090402533,LITAF,1,5334
208,0.00131781113212052,0.0344024733048771,-0.584447774894343,DHRS7,1,5355
209,0.0013362751605005,0.0347175795287929,0.670989543317145,ATP13A3,1,74
210,0.00134620191284528,0.0348089351749993,-0.534767322670679,RPL6,1,5317
211,0.00135782880766176,0.0349431773725277,-0.411895996417246,INTS5,1,5164
212,0.00141868770387045,0.0363371426038516,0.529661889414344,PPP1CB,1,153
213,0.00143686969993862,0.0364656985438743,0.762963529869414,PBXIP1,1,43
214,0.00143713802732764,0.0364656985438743,-0.5616946344611,METTL7A,1,5339
215,0.00145487715392919,0.0365759829161313,-0.532040267117389,ACAT1,1,5312
216,0.00145495622649804,0.0365759829161313,-0.537648766018332,CIAO2A,1,5321
217,0.00151363513508992,0.0378165261965477,0.713771875347364,VCAN,1,54
218,0.00151823254343414,0.0378165261965477,-0.537245992879111,COX17,1,5320
219,0.00152876388539,0.0379049675692589,-0.447797978535888,BRIX1,1,5231
220,0.00155154263000695,0.0382948930951715,-0.491548840591065,GLTP,1,5282
221,0.00155952357291658,0.038317705886593,0.698849482135918,HOOK1,1,61
222,0.00160535908400289,0.0392662154330437,-0.550902143540915,CDH16,1,5330
223,0.00161382313242482,0.0392962314307927,-0.519066517807524,MPPED2,1,5304
224,0.00162638814301701,0.039425391145457,-0.491444740771083,CDS1,1,5281
225,0.00166046338219073,0.0400725162902029,-0.463873555477434,ATP6V1G3,1,5253
226,0.0016973403014372,0.0407812293663895,-0.54107538240647,CYCS,1,5325
227,0.00173738521993581,0.0415594790495658,-0.524064411095202,LGMN,1,5306
228,0.0017713463787376,0.0421860124409877,-0.540883597514154,ANK2,1,5323
229,0.00179513731004691,0.0425659196225097,-0.450308004579714,UCHL3,1,5236
230,0.00181125596461884,0.0427613908168709,-0.461711156596397,CD55,1,5249
231,0.00182424232650836,0.0428815404023395,-0.545518018629243,ATP6V1A,1,5327
232,0.00190408701751322,0.0445228594102708,-0.513187638797736,RALA,1,5297
233,0.00191046523804661,0.0445228594102708,-0.635603970943204,RPLP1,1,5374
234,0.00192810647312445,0.0447419579019903,0.581854135985596,LCN2,1,111
235,0.00193953897151493,0.0448157302779832,0.517656959985013,SOD2,1,163
236,0.00195962857577114,0.0450880642645649,-0.541668057772321,RPS15A,1,5326
237,0.00202423222872373,0.0463779789112652,-0.496871770529193,NDUFV2,1,5286
238,0.00203360341797832,0.0463969183177406,0.557870237127933,RTN4,1,128
239,0.00205592491908035,0.0467099259858004,-0.482166574846383,SNCA,1,5271
240,0.00210383365127548,0.0475992363601076,0.595112452527906,SEPTIN2,1,103
241,0.00214383546271711,0.0483030147823813,0.585760543897074,CRYZ,1,109
242,0.00215750253765796,0.0484100776011684,0.736440132512062,BTG2,1,48
243,0.00220017694862547,0.0491644478643469,0.509918360139603,PKM,1,170
244,0.00222188113095007,0.0492422370239897,-0.465655445282556,SURF1,1,5254
245,0.00223275217286584,0.0492422370239897,0.713158514903402,HOXB2,1,55
246,0.00224387657808321,0.0492422370239897,-0.448029614576227,DMAC2,1,5233
247,0.00224517489736767,0.0492422370239897,0.607992862634369,SUMO2,1,93
248,0.00224900088065367,0.0492422370239897,0.554295025383372,TACSTD2,1,130
249,0.00230502251793813,0.0500962295891321,-0.447432097013656,RPL41,1,5230
250,0.00230645624259356,0.0500962295891321,-0.519611677109285,C1QA,1,5305
251,0.00234850672569571,0.050745678538717,-0.507625213861553,RPS20,1,5292
252,0.00236136431342715,0.050745678538717,-0.489833153431299,MAT2B,1,5279
253,0.00236439349360873,0.050745678538717,0.703579228755519,FSTL1,1,59
254,0.00241100222573199,0.0515422916760816,-0.493927235070508,MARCHF1,1,5284
255,0.00244459445274309,0.0520554818760586,-0.493473281886289,MTSS1,1,5283
256,0.00247354250811208,0.0524049777018058,-0.484675933058107,STXBP6,1,5276
257,0.00248030925770978,0.0524049777018058,-0.441645937077333,LHFPL2,1,5218
258,0.00253802328679866,0.0533610774778303,-0.573860905374497,NME2,1,5344
259,0.0025452152977455,0.0533610774778303,-0.484675756379964,AMPD3,1,5275
260,0.00259406903582678,0.0541761340943824,0.614722267870268,SPATS2L,1,91
261,0.00260935033903983,0.0542864840650815,-0.436787511147325,ULK1,1,5209
262,0.00263316327821434,0.0545542434743185,0.536594677176892,PPP2R1A,1,145
263,0.00264231418669351,0.0545542434743185,0.527177584371442,ANXA5,1,156
264,0.00267121360979155,0.0549420072013943,0.809800108029791,CXCL1,1,35
265,0.00278245700985931,0.0570141191076833,-0.53327364321065,HSPA8,1,5314
266,0.0028409595345342,0.0579940235809049,0.589037654736134,NCSTN,1,107
267,0.00287869085865191,0.0585441624062917,0.483216951642271,RPL31,1,207
268,0.00289513878105696,0.0586589685863407,0.644843057465965,DTWD2,1,78
269,0.0029320431672618,0.0591858527815301,0.539155678224865,WARS1,1,142
270,0.00294656557499731,0.0592587076749459,-0.447186304174711,TPRG1,1,5229
271,0.00298642753971226,0.0597895610704113,-0.540279401145292,FZD7,1,5322
272,0.0029950708272891,0.0597895610704113,0.542152515132776,KIZ,1,138
273,0.00300599450685493,0.0597895610704113,0.611043940848897,ACVR1B,1,92
274,0.00303152899396573,0.0600773811577879,-0.442933110762148,FXYD4,1,5220
275,0.00309298595492544,0.0610724135827096,-0.551424836246121,MYL6,1,5332
276,0.00315212663865112,0.0620146653908536,-0.436766824434891,COA8,1,5208
277,0.00321811090433717,0.0630842679081258,0.477521654656782,EPCAM,1,213
278,0.00325083542990435,0.0633612342575988,0.535726212040674,RNF213,1,147
279,0.00325557722981032,0.0633612342575988,0.570209144461411,GAK,1,118
280,0.00330007300671582,0.063997844380239,-0.439373718928707,SIX1,1,5215
281,0.0033175270673642,0.0641073735793153,-0.551809417497119,TMEM213,1,5333
282,0.00334560514622222,0.0644206948368322,-0.383290179943105,BBS7,1,5103
283,0.0034362644259511,0.0659325647806164,-0.511553433645956,GPRC5B,1,5294
284,0.00347394063814787,0.0661912925501405,0.671373629205135,UPK3BL1,1,73
285,0.00347412861451014,0.0661912925501405,-0.468411072179029,SRGN,1,5256
286,0.0034944082111594,0.0663448831699144,-0.42655875599843,FAM89B,1,5187
287,0.00350998360999181,0.0664084007047231,-0.485028325154917,CTSD,1,5278
288,0.00352358648023492,0.0664342867627625,-0.499025036777475,STAP1,1,5288
289,0.00356089160347496,0.0669053335877821,-0.471144695418884,ABHD2,1,5259
290,0.00359022827705578,0.0672239294634926,0.572062511024559,DEGS1,1,117
291,0.00364781226295007,0.0680112990726379,-0.442062661429133,ENSG00000267175,1,5219
292,0.00365732952655806,0.0680112990726379,-0.484399230002046,ATP5MG,1,5273
293,0.0036731396257138,0.0680721780465049,-0.399342752571084,MED19,1,5139
294,0.00369553601632039,0.0680783588302531,-0.426232454436098,BSND,1,5185
295,0.00369854803958097,0.0680783588302531,-0.535983188192574,RPS25,1,5318
296,0.00372437672603795,0.0683221811567096,-0.431255590816439,STAU2,1,5196
297,0.00378392795878717,0.0691809051050987,-0.437548543961097,POLR3E,1,5212
298,0.00380726139908071,0.0693739241510345,-0.458862192310272,INPP4B,1,5246
299,0.00383714591678275,0.0696846231710044,0.538357164290391,AP2M1,1,143
300,0.00387815104350269,0.0701644031034431,-0.481202303055491,HAGHL,1,5269
301,0.00388940798050394,0.0701644031034431,-0.477072269487624,CLCNKB,1,5265
302,0.00391040736982537,0.0703096424442111,-0.536174859179532,TMSB4X,1,5319
303,0.00394856560975949,0.0707614233036106,-0.533809859041275,DEFB1,1,5315
304,0.00398762304895371,0.0712262932757193,0.624036311790509,LINC02532,1,87
305,0.00402743113518518,0.0717014788985427,-0.511873015810675,EPS8,1,5295
306,0.00404337220203429,0.0717500361341378,-0.476738269234675,ATP1B1,1,5264
307,0.00409120610322192,0.0723623750504723,-0.483501068272136,SWI5,1,5272
308,0.00415327633853614,0.0731355150357759,0.507717901043435,TINAGL1,1,176
309,0.00416913916743621,0.0731355150357759,-0.412061072532418,STYXL1,1,5165
310,0.00417836904942492,0.0731355150357759,0.740560952450196,CLDN10,1,47
311,0.00420213886470927,0.0731355150357759,-0.434328083484499,DNAJB14,1,5203
312,0.00420226163741475,0.0731355150357759,0.598311387673434,SRSF11,1,99
313,0.00422809733687311,0.073350059230738,0.618181515145799,LAMC1,1,89
314,0.00424310110593728,0.0733759203988517,-0.423346830192849,ZNF277,1,5181
315,0.0042613369561659,0.0734573322920027,-0.589308329447293,NUPR1,1,5357
316,0.00428771993551462,0.073678225474191,0.543629700646889,IFITM1,1,137
317,0.00439238779137346,0.075238693082517,-0.437403107136077,ANXA3,1,5211
318,0.00445856631878625,0.0761321229905954,0.617562336621027,CLIC4,1,90
319,0.00449280259995302,0.0764762323440279,0.596324357997482,PUM1,1,101
320,0.00451119860759295,0.0765494013725929,-0.482147850320365,ATP5MJ,1,5270
321,0.00453047029184284,0.0766369273666873,-0.463211638201543,ENSG00000272502,1,5251
322,0.00460953637753756,0.0777322438820774,-0.431871648544428,ARSJ,1,5198
323,0.00464711187368938,0.0781232739137256,0.501988108716951,TPM1,1,185
324,0.00466595459852232,0.0781979428085685,0.642467110058958,RAB13,1,80
325,0.00468618714689983,0.0782953729466648,0.514371170750709,EIF4A1,1,167
326,0.00470887158720238,0.0784330451488004,-0.469301984201465,FGF7,1,5258
327,0.00477609823444359,0.0793095211407605,-0.423783460164359,DUT,1,5182
328,0.00480094534412488,0.0794790646908478,0.606157044162889,GPRC5A,1,94
329,0.00484558840111675,0.0799743009667598,-0.393593389344378,TESMIN,1,5129
330,0.0048924696292151,0.080503363898903,-0.444853828322976,ATP5ME,1,5223
331,0.0050988533464378,0.083383310212199,0.557916479849124,VCP,1,127
332,0.00510916283058363,0.083383310212199,-0.455525739656686,YTHDF1,1,5240
333,0.00511356211798569,0.083383310212199,0.528048806970396,SERPING1,1,154
334,0.00517315696280383,0.0841025218803137,0.6958046617799,GJA1,1,64
335,0.00523695163467655,0.0844559489000996,-0.447007833506663,NRXN3,1,5228
336,0.00523834302856622,0.0844559489000996,-0.480465889399558,TP53INP2,1,5268
337,0.00524155704960103,0.0844559489000996,-0.432167489998077,PPP1R3C,1,5199
338,0.00528571119890242,0.0846266045098174,-0.42235751902386,EED,1,5180
339,0.00529334527707669,0.0846266045098174,-0.463385135277229,PKIG,1,5252
340,0.00529890341313774,0.0846266045098174,0.47386937454869,HNRNPA2B1,1,216
341,0.00535559989418312,0.0852812534469629,0.683840404506103,SLC16A4,1,68
342,0.00538198607049744,0.0854508314701786,-0.468452875939726,ENSG00000262920,1,5257
343,0.00544629981930074,0.0862198484513207,-0.453106382200161,RBP1,1,5238
344,0.0055892111993433,0.088225048873355,0.548865730849588,SMARCE1,1,134
345,0.00572330785057616,0.0900798887786335,-0.433446752579781,UBE2QL1,1,5200
346,0.00581178521780417,0.0911025298051102,-0.446241130137841,PLEKHJ1,1,5226
347,0.0058218375400319,0.0911025298051102,0.453793273006066,RPL19,1,249
348,0.00596640591376186,0.0927116773432569,-0.421497670315652,SLC16A7,1,5179
349,0.00597639950104937,0.0927116773432569,-0.39308347409973,LAGE3,1,5127
350,0.00603430556327029,0.0927116773432569,-0.421167094421445,STRAP,1,5178
351,0.00603974391334984,0.0927116773432569,-0.413267519528314,B4GALNT3,1,5167
352,0.00604271788922732,0.0927116773432569,0.550919459773263,ARHGAP1,1,131
353,0.00604418609598492,0.0927116773432569,-0.47254218075328,KIF16B,1,5261
354,0.00604418669972614,0.0927116773432569,-0.402925849848713,GOLT1B,1,5146
355,0.00609109127218878,0.0931042216393044,-0.534440708346982,SLC25A3,1,5316
356,0.00610407051631535,0.0931042216393044,0.477527971459666,ANXA2,1,212
357,0.00612479469113845,0.0931586419408453,-0.413728502477954,FBXW11,1,5168
358,0.00617292827708383,0.093402765077391,0.535449512762877,HES1,1,148
359,0.00617524726754758,0.093402765077391,-0.439666126109585,ARPC3,1,5216
360,0.00624591652595083,0.0942092409330916,-0.431367579811542,CMTM4,1,5197
361,0.00635829080121901,0.0956385569269231,-0.452604721943404,RPS27A,1,5237
362,0.00639374275512671,0.0959061413269007,-0.436709300246996,UQCC3,1,5207
363,0.00644481202986487,0.0962358829974219,-0.434283896686505,PSMA1,1,5202
364,0.00646039125592486,0.0962358829974219,-0.428712309241971,GRSF1,1,5189
365,0.00646889452929263,0.0962358829974219,-0.475424666748129,TOMM7,1,5263
366,0.00672377341996646,0.0993443856635793,-0.424683375189719,ARHGAP6,1,5184
367,0.00672401996698706,0.0993443856635793,0.497126370186989,NCOA7,1,191
368,0.00674865557902693,0.0993443856635793,-0.402928102240846,CPSF7,1,5147
369,0.00675102731304987,0.0993443856635793,-0.466607613580668,FIS1,1,5255
370,0.00679319146271564,0.0996946747095836,0.461449118712887,H3-3B,1,233
371,0.00682323926672279,0.099865739132897,-0.430210696449823,MICOS10,1,5193
372,0.00687621112966193,0.100370501166839,0.532771174121533,MRPL53,1,150
373,0.00699022252609162,0.101761148302084,0.528011841322574,VIM,1,155
374,0.00713923472077511,0.103652525491468,0.583245235113911,TSPAN8,1,110
375,0.00727717199437319,0.105373450478524,-0.44997661664875,ENSG00000285043,1,5235
376,0.00734725868381161,0.106105358119939,-0.410320595815257,LNX1,1,5159
377,0.00739819736591479,0.106209209222072,-0.411426675176929,LINC02558,1,5161
378,0.00740917961973731,0.106209209222072,0.493924378613456,BBLN,1,194
379,0.00742197159770197,0.106209209222072,-0.500570405766719,LGALS3,1,5289
380,0.00743268867484117,0.106209209222072,0.597585186978121,PPM1G,1,100
381,0.00749269520625395,0.10660404297719,0.538057210301924,UGDH,1,144
382,0.00749958460723511,0.10660404297719,0.518957341642405,KLF5,1,162
383,0.007596481331018,0.107699461168219,0.540260819784183,MFSD12,1,140
384,0.00770909139281869,0.109011370476577,-0.391327856321049,OSBPL9,1,5122
385,0.00780365269445856,0.110061906833532,-0.471462100736247,COQ9,1,5260
386,0.00787233313128276,0.110742924618822,-0.388120592996893,SOS2,1,5114
387,0.00793655974733829,0.111357931338622,-0.406162498745969,CLN3,1,5150
388,0.00798158923403941,0.111701107064005,-0.503420336323603,MYO10,1,5290
389,0.00808634267835871,0.112608015860737,-0.379325701791427,SNHG7,1,5097
390,0.00808786854248386,0.112608015860737,0.509030992637224,SDF4,1,174
391,0.00815055868479383,0.112966292300482,-0.408882965034003,HMGCR,1,5156
392,0.00815520931524656,0.112966292300482,-0.372279346620088,ABL1,1,5082
393,0.00825410063595051,0.11404520726008,-0.429028504003876,S100A4,1,5190
394,0.00830939760040898,0.114517840025941,-0.393328388789157,UBE2Q1,1,5128
395,0.00839342451206618,0.115383025570935,0.541329277152741,IRF2BP2,1,139
396,0.00841833999314935,0.115433298390912,0.602274144580104,ARID1A,1,98
397,0.0085026037287869,0.116295058557463,-0.495242131655038,TMPRSS11E,1,5285
398,0.00866767348936219,0.11825494232974,-0.45705041855665,SEM1,1,5241
399,0.00869370246020193,0.11831279287944,0.497420003894361,MECOM,1,189
400,0.00877824832779764,0.119164721049853,-0.407098003949593,PAM16,1,5151
401,0.00889543502080559,0.120454394421382,-0.430828033502538,RAB14,1,5195
402,0.00901524868443028,0.121773135215066,0.509373733175884,BABAM2,1,173
403,0.00907675493497497,0.122147937634323,0.428488123063752,RPL29,1,291
404,0.00908798652012275,0.122147937634323,-0.414084103411552,CD53,1,5169
405,0.00913323140162894,0.122452954347766,0.531864369985269,TP53,1,152
406,0.00933743223216657,0.124359877992683,0.502337009269208,NCKAP1,1,184
407,0.00934844569081039,0.124359877992683,0.561325140354541,HMGB2,1,124
408,0.00936451332662162,0.124359877992683,0.524283584711917,STAP2,1,159
409,0.00936706999981718,0.124359877992683,0.540161400195927,HMGN3,1,141
410,0.0094323377355374,0.124778137108519,-0.445182676894759,SLC4A11,1,5225
411,0.00944453302976084,0.124778137108519,-0.384112685769809,AGAP3,1,5106
412,0.00951406383716524,0.125391666591765,0.55884866603858,SLC2A1,1,125
413,0.00958601172804778,0.126034004075786,0.56238329553455,UGT1A6,1,123
414,0.00961913044240761,0.126148393797458,-0.460390155565199,COX14,1,5247
415,0.0096411755848886,0.126148393797458,0.568745889830984,ARL4C,1,119
416,0.00973378944242708,0.12681141572273,-0.429403853226033,SFRP2,1,5191
417,0.00975202232310018,0.12681141572273,0.618733857241163,KPNA6,1,88
418,0.009789158163925,0.12681141572273,0.687281879789587,CZIB,1,65
419,0.00979363232932618,0.12681141572273,-0.414809680181426,GRPEL1,1,5170
420,0.00982137521943456,0.12681141572273,0.574149596666548,TUBGCP2,1,115
421,0.00983197164259107,0.12681141572273,-0.383125704010245,HDDC3,1,5102
422,0.00989588908233105,0.127333359519094,0.506135589364625,ERBB2,1,178
423,0.00995900484264488,0.127685398244989,0.550605302419133,SCCPDH,1,132
424,0.00997027787401017,0.127685398244989,0.509383370718577,NBEAL1,1,172
1,2.80819934583897e-11,1.52485224479056e-07,1.3253607748665,CTSB,2,9
2,5.29160294260299e-10,1.43667019891671e-06,1.32857985941661,IFI30,2,8
3,1.35229920575572e-09,2.44766156241785e-06,1.53107461749504,C1QB,2,1
4,2.81352861533164e-09,3.35841918414937e-06,1.46723179052305,TYROBP,2,3
5,3.09246702039536e-09,3.35841918414937e-06,1.53100732101002,C1QC,2,2
6,1.03966281515344e-07,8.66243886536348e-05,1.1328078465914,CTSD,2,16
7,1.11670482610579e-07,8.66243886536348e-05,1.40709070430572,APOE,2,5
8,2.01107051018253e-07,0.000136501410878639,0.987653673876447,FUCA1,2,26
9,2.33845834224736e-07,0.000141086986648924,1.4084287231879,ACP5,2,4
10,3.16363902134004e-07,0.000171785598858764,1.11919701738809,PSAP,2,17
11,3.63183866542803e-07,0.000179280763211584,-0.62374098401748,SPINT1-AS1,2,5428
12,4.38120745077195e-07,0.000198249637147431,1.31726535021174,FTL,2,10
13,5.59851885649803e-07,0.000233845826082956,1.30130221811499,LAPTM5,2,12
14,1.22207834027543e-06,0.000473991813406826,-0.527054578688252,TP53,2,5403
15,1.58693231149213e-06,0.000574469496760152,-0.567687213117716,SF3A3,2,5420
16,1.88566337961763e-06,0.000639947009457733,1.39577335576384,CD14,2,6
17,2.53899199764676e-06,0.000810983914542464,-0.537139220710222,CKMT1B,2,5406
18,2.77828245746739e-06,0.000838115208002664,1.26719707811943,SDS,2,13
19,4.07089543235256e-06,0.00116341906303549,-0.517232605730989,MANSC1,2,5399
20,5.61930420780529e-06,0.00152564109241914,-0.541973060703972,SCAF1,2,5410
21,5.96397263911473e-06,0.00154211292525681,-0.592202259091061,ACSL3,2,5426
22,6.74411585589147e-06,0.0016645704135223,-0.51628128735654,WASHC5,2,5398
23,7.33423315005232e-06,0.0017315167828167,-0.538353768677709,KCNJ15,2,5407
24,9.26727114837112e-06,0.00209672009731897,0.933795938997853,HLA-DPA1,2,31
25,1.19246489736614e-05,0.00250974590330409,1.35896175980665,MMP12,2,7
26,1.20171995369993e-05,0.00250974590330409,1.15356041120889,CTSZ,2,15
27,1.33626342382467e-05,0.00268737421902517,-0.517932783026827,VPS26C,2,5400
28,1.75924199154242e-05,0.00341167286216975,1.30355312107399,PLA2G7,2,11
29,1.90130201586742e-05,0.00356002411936556,-0.711340948929209,KLHDC2,2,5429
30,4.32536687330473e-05,0.00782891404068156,0.703890894048485,FTH1,2,47
31,7.23891540109741e-05,0.0126797776219222,-0.498105224153112,SH3YL1,2,5394
32,8.89329933385833e-05,0.0150908173071409,1.07927451165724,LYZ,2,19
33,9.69676110523441e-05,0.0159555796367948,0.93051158458103,CTSL,2,32
34,0.000111619321887529,0.0178262622896848,-0.545235861671149,METTL3,2,5413
35,0.000134171745844059,0.0206518676591852,1.01696436693205,CTSS,2,21
36,0.000139374892150752,0.0206518676591852,-0.52750544812272,CCAR1,2,5404
37,0.000140721750163877,0.0206518676591852,-0.4568059611041,RELCH,2,5367
38,0.000189364867009517,0.0260043859013256,-0.619429854843641,KITLG,2,5427
39,0.000189373227569862,0.0260043859013256,-0.450151044734428,PHF6,2,5358
40,0.000198607130728788,0.0260043859013256,0.935724495769653,TGFBI,2,30
41,0.000200272213967526,0.0260043859013256,-0.469123984267367,SLC35F2,2,5375
42,0.000204553086298896,0.0260043859013256,-0.489280066904283,ZNF655,2,5390
43,0.000205927917818969,0.0260043859013256,0.998799788320603,MS4A7,2,25
44,0.000252405883393268,0.0311491806096691,0.976146782455443,GM2A,2,27
45,0.000266649341819092,0.0321756872461704,1.2474861081802,APOC2,2,14
46,0.000276997456459637,0.0326977432299093,1.08060276976617,RNASE1,2,18
47,0.00030505320666987,0.0352433811110084,-0.589747400842269,SELENOT,2,5425
48,0.000322202370951269,0.0364491432138624,1.00343136698134,CD68,2,24
49,0.000329037461199606,0.0364627227410992,-0.458493147177055,BLTP1,2,5370
50,0.00038504625420334,0.0418160232064827,-0.544844623430484,GOLGA4,2,5412
51,0.00041442326656143,0.0441238889691876,-0.450310652646495,DR1,2,5359
52,0.000532565673895624,0.0545388170436084,-0.505527973333571,FAM200B,2,5396
53,0.00053944381406636,0.0545388170436084,0.830316217381727,SRGN,2,37
54,0.000542374976124282,0.0545388170436084,0.88130053248171,LIPA,2,33
55,0.00057737014036757,0.0550608029584489,-0.414414507456061,DDX52,2,5316
56,0.00058897849627843,0.0550608029584489,0.824113034269393,PLD3,2,39
57,0.000605858685981166,0.0550608029584489,-0.519538974445818,CLDN3,2,5401
58,0.000610242430137667,0.0550608029584489,0.696165402299257,GPNMB,2,49
59,0.000612011363260426,0.0550608029584489,-0.450374128888476,KCNJ16,2,5360
60,0.000617087245963095,0.0550608029584489,-0.809188124227648,WFDC2,2,5430
61,0.000618546773566369,0.0550608029584489,-0.540223025155323,TRNP1,2,5408
62,0.00064602980941111,0.0565797075016504,1.01360021762265,APOC1,2,22
63,0.000664269439008891,0.056707912041895,-0.429126432388313,TMEM68,2,5334
64,0.000668380547086792,0.056707912041895,-0.570134578985616,AP3D1,2,5422
65,0.000726452758782474,0.0600286898544562,-0.429148127509641,CASP3,2,5336
66,0.000735261115634158,0.0600286898544562,-0.439135943688893,SYTL2,2,5348
67,0.000740685491758484,0.0600286898544562,1.0173596976001,LHFPL2,2,20
68,0.000754105010700171,0.0602175030603224,-0.487578447577468,UBQLN2,2,5389
69,0.000795835048783461,0.0626287581868724,0.848066756023696,HLA-DMB,2,34
70,0.000817472925695389,0.0634125426646566,-0.536859234480096,RHOB,2,5405
71,0.000832458417686321,0.0636654818033341,0.828841257042082,CYB561A3,2,38
72,0.000845628103139147,0.0637744527784107,-0.543723538927342,DCDC2,2,5411
73,0.000883792710069061,0.0655594386596359,-0.451793833179537,STK25,2,5362
74,0.00091703540847495,0.0655594386596359,-0.575373935672757,HADH,2,5424
75,0.000923634785380658,0.0655594386596359,-0.483154662932612,CCDC59,2,5386
76,0.000926780061230152,0.0655594386596359,0.67307019660903,HLA-DRA,2,54
77,0.000929664231453401,0.0655594386596359,-0.467850144247711,DBN1,2,5374
78,0.000949882195691003,0.0661264143923352,-0.515183139433789,LTA4H,2,5397
79,0.000983479011925968,0.0675377790838459,-0.444615995182695,FAM111A,2,5354
80,0.000996122997055918,0.0675377790838459,-0.500065321209711,TMPRSS4,2,5395
81,0.00100746963274245,0.0675377790838459,-0.555324086692799,SFT2D1,2,5417
82,0.00102925004733244,0.0681564360611602,-0.470262639212657,MALT1,2,5376
83,0.00106825356583483,0.0698869501503992,-0.561048709490292,ADAMTS1,2,5419
84,0.00125084716535917,0.0800581215849016,-0.547196425124497,PDZK1IP1,2,5415
85,0.00127041973126195,0.0800581215849016,0.9405394017442,LSP1,2,29
86,0.00128193033831414,0.0800581215849016,-0.446102066244424,GPBP1L1,2,5355
87,0.00128269918561445,0.0800581215849016,1.00636285117856,ITGB2,2,23
88,0.00130949216372934,0.0808016187392081,-0.569448286133356,AGRN,2,5421
89,0.00135783775322682,0.0828433595508051,-0.561014948467038,TPM1,2,5418
90,0.00140500327845633,0.0838205669648753,0.671075060221465,VIM,2,56
91,0.00141859673234905,0.0838205669648753,-0.391924575232852,MAP2,2,5276
92,0.00142016430216732,0.0838205669648753,-0.540321839795769,TTTY14,2,5409
93,0.00151507041634527,0.0884605630188687,-0.457343046809182,RAB13,2,5368
94,0.00157643174925562,0.0896828450043527,-0.449724508355136,RNF144B,2,5357
95,0.0015929651070204,0.0896828450043527,-0.418442963008352,ENSG00000286691,2,5321
96,0.00160468707138481,0.0896828450043527,-0.440814202173818,MED21,2,5350
97,0.00161200799144816,0.0896828450043527,-0.479578375170014,ZNF292,2,5383
98,0.00161858541628482,0.0896828450043527,0.804543102432973,A2M,2,40
99,0.00166482404069377,0.0913130761713854,0.840167838842211,ADAMDEC1,2,35
100,0.0016923176747559,0.0918928497392456,-0.421736325053543,SPTLC1,2,5327
101,0.00183886513964949,0.0980307613202111,-0.419233123949676,SVIL,2,5323
102,0.0018414618148548,0.0980307613202111,-0.482396304629248,PNP,2,5384
103,0.00189742242086843,0.0993020621244133,0.521818949914318,BPIFA2,2,106
104,0.00191623191091259,0.0993020621244133,-0.475632866800668,DEPTOR,2,5379
105,0.00192020562119031,0.0993020621244133,0.838109080645506,SLC16A3,2,36
106,0.00205345023363231,0.105190894043618,-0.483888717688459,YWHAE,2,5387
107,0.0021744783139105,0.11034969387415,-0.421343440749179,INF2,2,5326
108,0.00221704871640235,0.110999150376095,-0.431253719944753,LINC00667,2,5338
109,0.00224359213638674,0.110999150376095,-0.477554232061612,ARHGAP29,2,5381
110,0.00225633757865549,0.110999150376095,-0.437704068865178,IRF9,2,5347
111,0.00226904340547818,0.110999150376095,-0.421125276080464,CARD19,2,5324
112,0.0023650883084981,0.113779444790399,-0.455562543957968,CYS1,2,5366
113,0.0023677858676455,0.113779444790399,-0.418822111408015,RFX5,2,5322
114,0.00242651204788099,0.115578600175384,-0.453279267042543,MZT2B,2,5364
115,0.00248207232634145,0.117196980278557,0.50214830130746,CD63,2,118
116,0.00253615583865682,0.118718329344022,-0.44139322941796,DEK,2,5351
117,0.00258515419761139,0.119977669171195,0.67175577244113,CAPG,2,55
118,0.00261310481929308,0.120247111599673,0.541407236530988,UBL5,2,98
119,0.00268758661111322,0.122635254607939,0.962257105718853,CD53,2,28
120,0.0027581461224411,0.12480611204046,-0.425336826682832,ATPAF1,2,5331
121,0.00278737672677787,0.125086410135569,0.734932137772958,HMOX1,2,43
122,0.00286010732957738,0.126297332037356,-0.398660360572779,HIP1R,2,5288
123,0.00286087879200641,0.126297332037356,-0.375504655001976,MLST8,2,5241
124,0.0030463412165979,0.132996859752951,-0.402915164865638,CEP20,2,5301
125,0.00306162200167936,0.132996859752951,0.525280175365938,SNX3,2,102
126,0.00313896848593875,0.13527459427498,-0.404690677842289,SOX9,2,5306
127,0.00321008735888836,0.136499543446786,-0.433604782456674,ALDH9A1,2,5342
128,0.003217668795799,0.136499543446786,-0.439707388906132,ZNF480,2,5349
129,0.00332353553133594,0.139897658412048,-0.497341013496665,SPP1,2,5392
130,0.00340234724534201,0.142113427247747,-0.369422867059658,ANKIB1,2,5226
131,0.00355343256631398,0.14707155144026,-0.457778046022544,PRPF40A,2,5369
132,0.00357522003501185,0.14707155144026,-0.408762532110582,FBRSL1,2,5311
133,0.00372691303185824,0.151751125311997,-0.486569414764873,HNF1B,2,5388
134,0.0037448712323771,0.151751125311997,0.545453813274226,LITAF,2,97
135,0.00377714890261922,0.151925322527573,-0.415084573200589,SMIM30,2,5317
136,0.00385571138910636,0.153944947373879,-0.462362934349112,SLC35B2,2,5372
137,0.00393545788468757,0.155982016889442,-0.429138045398189,PAICS,2,5335
138,0.0040022645297184,0.157480408669354,-0.365950634793988,PCMTD2,2,5219
139,0.00424510500143126,0.165833957969581,-0.38302563196357,EFCAB6,2,5259
140,0.00428777653978341,0.166304475793028,-0.401956363313412,GHDC,2,5300
141,0.00434139756006729,0.167189991143017,0.760805758002153,LYN,2,42
142,0.00448170235547312,0.171377773170557,-0.423832085335641,AK2,2,5330
143,0.00456766886980626,0.173443650091245,-0.381702153765443,FADS2,2,5255
144,0.00464448778671105,0.174502360122394,-0.369147231783337,SLC41A2,2,5225
145,0.00465982361284478,0.174502360122394,0.465598753061635,ATP5MG,2,153
146,0.00474383635416383,0.176431721939107,-0.349099485435144,CSNK1G3,2,5170
147,0.00482923924773013,0.177573364813988,0.714806666164835,ABCA1,2,46
148,0.00486474418960507,0.177573364813988,0.649520970149867,C1QA,2,62
149,0.00487263929231754,0.177573364813988,-0.429316888329235,VCPIP1,2,5337
150,0.00495804275503397,0.17948114773223,-0.411782845260164,CHTF8,2,5312
151,0.0052382374010933,0.188368404555872,-0.571783269351244,CD24,2,5423
152,0.00532975153905101,0.190398360901625,-0.386199082858708,EBLN3P,2,5268
153,0.00544043228461402,0.19308200853238,0.576116856811007,GRN,2,78
154,0.00550933022169325,0.193253621114141,0.691860239245587,TIMP2,2,50
155,0.00555620562718725,0.193253621114141,-0.384383571702847,FZD8,2,5260
156,0.00560663398757914,0.193253621114141,-0.434434175689218,SLC34A2,2,5344
157,0.00561710151379546,0.193253621114141,-0.352497695631144,TFAP2A,2,5178
158,0.0056953043361618,0.193253621114141,-0.421194618665844,MICU2,2,5325
159,0.00569654232477212,0.193253621114141,0.634258679247698,ST3GAL1,2,67
160,0.00571622032834581,0.193253621114141,-0.373382630037405,URGCP,2,5237
161,0.00572998766102701,0.193253621114141,0.781106752529314,RILPL2,2,41
162,0.00579667362950019,0.194154874408221,-0.449522089693235,LRATD2,2,5356
163,0.0058282218284604,0.194154874408221,-0.399367622278234,S100A16,2,5290
164,0.00591808879081018,0.195946476427435,-0.400836247195716,CASP6,2,5298
165,0.00603813759558445,0.197624916409379,-0.375311830496447,IQCK,2,5240
166,0.00604157203019464,0.197624916409379,-0.525754826457433,ZNF664,2,5402
167,0.00615375762115657,0.200089244807666,-0.347634752645929,TM9SF4,2,5168
168,0.00624446710086925,0.201830097367381,-0.416381866390755,DYRK2,2,5319
169,0.0064677893593905,0.206951391272769,-0.341789392967403,ARL16,2,5143
170,0.00647914116323586,0.206951391272769,-0.38156698342504,EMC6,2,5254
171,0.00672344368269552,0.212670902552406,-0.451740108556161,LPCAT3,2,5361
172,0.00674252059008603,0.212670902552406,-0.475587359812955,PRXL2A,2,5378
173,0.00677720557730801,0.212670902552406,0.609593904200799,DYNLT3,2,75
174,0.00681486870057432,0.212670902552406,-0.437654355555971,CCZ1B,2,5346
175,0.00688722394159838,0.213700720016453,0.688677534914769,EMP3,2,51
176,0.0070158241866346,0.216454121212647,-0.365003743834506,ARRDC1,2,5218
177,0.00713789607272718,0.218976133756546,-0.394789747077929,HOXB5,2,5279
178,0.00733685582572527,0.222360271015073,-0.381968099838751,PDE4DIP,2,5256
179,0.00736972729092016,0.222360271015073,0.72738301327059,TMEM176B,2,45
180,0.00737105870768198,0.222360271015073,-0.363205277106122,RNF216,2,5210
181,0.00749023391725027,0.224132667427299,-0.497686987550443,MUC1,2,5393
182,0.00751236564857615,0.224132667427299,0.610052817195254,HLA-DPB1,2,74
183,0.00766002809316559,0.227289358174258,0.650526485348336,GADD45G,2,61
184,0.00794018566819733,0.23432178357778,0.673837196119872,HOPX,2,53
185,0.0080168587561837,0.235305638086905,-0.44198674614201,JUP,2,5352
186,0.00850265372111385,0.247970718300591,-0.412019879094634,CERT1,2,5314
187,0.00853969140372202,0.247970718300591,0.6782193423083,SAMHD1,2,52
188,0.00870547850526056,0.251440150444494,-0.382955244068066,UBTD2,2,5258
189,0.00889282740402764,0.254989699929682,-0.434270467789754,GNPAT,2,5343
190,0.00892229152608465,0.254989699929682,-0.376530389479859,KDM5A,2,5243
191,0.00902724013693905,0.255852936659639,-0.46613826027248,LSR,2,5373
192,0.00904673367194302,0.255852936659639,-0.394490427385911,SUGT1,2,5278
193,0.00931031145825422,0.261798456249301,0.390809740776335,CD74,2,266
194,0.00937875490314174,0.261798456249301,-0.351988452898893,KPNA6,2,5176
195,0.00944816514971796,0.261798456249301,0.646314217927947,NSMCE3,2,64
196,0.00944981536369485,0.261798456249301,0.547088173821759,TGM2,2,95
1,5.58693097916023e-10,3.03370352168401e-06,1.01446607725636,NDUFA4,3,2
2,1.71527275498191e-09,4.65696552977588e-06,-0.666176757029319,DAPK1,3,5416
3,1.15429201206014e-08,2.08926854182885e-05,0.92919429531478,RARRES2,3,8
4,2.71510431209325e-08,3.23948334572496e-05,0.96635866478147,MT-ATP6,3,7
5,2.98294967377989e-08,3.23948334572496e-05,-0.587826486566052,ARID1A,3,5391
6,6.45248141586605e-08,5.83949568135878e-05,0.98898753213396,MT-CO2,3,5
7,7.66045769916019e-08,5.94232647234854e-05,-0.708559152502339,TTYH3,3,5422
8,9.12542621010272e-08,6.19388304010722e-05,1.09050548890467,MT-CO3,3,1
9,1.3178043536864e-07,7.76439660853042e-05,-0.640026951369246,LRATD1,3,5408
10,1.42990729438866e-07,7.76439660853042e-05,0.872387043256689,MT-ND2,3,15
11,1.57561669419389e-07,7.7778169540662e-05,-0.715255067629492,DEGS1,3,5423
12,1.8112615730668e-07,8.19595861812727e-05,0.89706010053892,SPARCL1,3,12
13,2.05894842664017e-07,8.60006919742779e-05,-0.687669496037873,C1QC,3,5419
14,3.4064850799682e-07,0.000129962991073158,0.86774904996165,ERP27,3,17
15,3.59013787494912e-07,0.000129962991073158,0.892170533357544,SLC25A5,3,13
16,6.26249960049797e-07,0.000204817545996884,0.913650663653282,MT-ATP8,3,11
17,6.41233569419341e-07,0.000204817545996884,-0.668905199288225,SLC34A2,3,5417
18,9.0332034966539e-07,0.000272501638815726,-0.565131382292359,TSPAN13,3,5387
19,1.03134367375452e-06,0.000294747165709846,-0.827961279500924,SPP1,3,5428
20,1.3893697919267e-06,0.000347882281198375,-0.5741452830074,OBSL1,3,5388
21,1.4332776834501e-06,0.000347882281198375,-0.556876970252057,ANKRD10,3,5384
22,1.45829935813324e-06,0.000347882281198375,-0.697338305868477,ITM2C,3,5420
23,1.473534524413e-06,0.000347882281198375,0.849521555836599,CRYAB,3,19
24,1.60042761701516e-06,0.000351132927019193,0.797298092599433,IGFBP5,3,23
25,1.61663410229831e-06,0.000351132927019193,-0.953051231552346,MMP7,3,5430
26,2.1871112612241e-06,0.000456769774940263,0.819621414733453,MT-ND4,3,22
27,3.43412325093694e-06,0.00069064034268843,0.926663953999982,MT-ND3,3,9
28,3.95167433224241e-06,0.000766342558002725,1.00842718888376,COX7A1,3,3
29,4.58627407682089e-06,0.000858740284039223,-0.558344238918827,CRIP2,3,5385
30,5.66361497244652e-06,0.00102511431001282,0.846939601888528,B2M,3,20
31,5.94849728550376e-06,0.00104194646000921,-0.66582086354569,CTSS,3,5415
32,6.6369668054557e-06,0.00112621030480076,0.876585288572448,NDUFB9,3,14
33,7.74795861233301e-06,0.0012748913716657,-0.788314635961187,SLPI,3,5427
34,8.33891802635267e-06,0.0013317742612675,0.993499514642666,MT-CYB,3,4
35,1.27442497075022e-05,0.00197717931176391,-0.556419544915981,TSPAN8,3,5383
36,1.64280160886814e-05,0.00247789242670944,-0.655730780929457,MCL1,3,5414
37,1.73988754842688e-05,0.00255340253728594,-0.616846198863849,LYZ,3,5404
38,1.95783701129281e-05,0.0027976460450842,-0.594199917503279,VCAN,3,5394
39,2.03649040879011e-05,0.0028354212614693,-0.875329554108244,PSAP,3,5429
40,2.20189888541042e-05,0.00293815312800487,-0.49081291743111,LBR,3,5335
41,2.21849499536279e-05,0.00293815312800487,-0.54694739679118,ANPEP,3,5374
42,2.77243762728092e-05,0.00358436578955605,-0.701458591359368,PDZK1IP1,3,5421
43,3.167654650821e-05,0.00400008482650186,0.585514285922902,CD59,3,90
44,3.84802402734869e-05,0.00466938182361307,-0.501203261651877,SLC11A2,3,5349
45,3.9433875294664e-05,0.00466938182361307,0.663233143534318,MT-ND5,3,50
46,4.01797296809068e-05,0.00466938182361307,-0.556212293720091,SFN,3,5382
47,4.04163804253802e-05,0.00466938182361307,-0.500158915060149,RPS6KA2,3,5347
48,5.74189025890825e-05,0.00649551335538996,-0.633959869195141,TYROBP,3,5406
49,6.42953467789695e-05,0.00704733553105689,0.742935425322535,COX7C,3,30
50,6.62759528185963e-05,0.00704733553105689,-0.490903902144553,SWAP70,3,5336
51,6.67595437256785e-05,0.00704733553105689,-0.616072359916494,TTTY14,3,5403
52,6.74882960616866e-05,0.00704733553105689,-0.554341275023729,SAV1,3,5380
53,7.18148874938193e-05,0.00733554899919274,0.920113409829364,CLCNKB,3,10
54,7.41750607206831e-05,0.00733554899919274,-0.65342108172796,KRT19,3,5413
55,7.55165094811928e-05,0.00733554899919274,-0.48441509452893,CYTOR,3,5332
56,7.56520707099067e-05,0.00733554899919274,-0.493867266990338,LINC02532,3,5340
57,9.28912672715118e-05,0.00884911546112822,0.86315707494198,SPINK1,3,18
58,9.58920449876493e-05,0.00888519974384154,-0.784303419429439,IGFBP3,3,5425
59,9.65426859828086e-05,0.00888519974384154,-0.64126094823745,C3,3,5409
60,0.000128375032810977,0.0116179404693934,-0.481824818407634,FAM20A,3,5328
61,0.00013708331858549,0.0122026626216264,-0.649719903840389,ZFP36L2,3,5411
62,0.000143199490669514,0.0125415037796042,-0.513604699712044,C4orf48,3,5356
63,0.00015513208019798,0.0132386172228466,-0.482045314959388,NPLOC4,3,5329
64,0.000159307851489551,0.0132386172228466,0.634833875211715,ATP6V0D2,3,65
65,0.000160585533665127,0.0132386172228466,-0.476501869421848,APC,3,5326
66,0.000160911369559461,0.0132386172228466,-0.590129632694784,SNX2,3,5392
67,0.000164276823320645,0.0133137783676284,0.708488300744289,CDH16,3,37
68,0.000171486001061533,0.0136936615553547,-0.603233410698214,LAPTM5,3,5399
69,0.000174150689830945,0.013704902112783,-0.441348147644518,SIPA1L1,3,5281
70,0.000186427061957681,0.0143718009894841,-0.4720924194053,VWA1,3,5322
71,0.000187918576473917,0.0143718009894841,-0.613307831242316,AFF1,3,5402
72,0.000192069919630052,0.0144852731054331,-0.642522288269986,APOE,3,5410
73,0.00019588161467497,0.0145082425555514,-0.530622769120965,SLC16A3,3,5365
74,0.00019771822267234,0.0145082425555514,-0.514703709198844,NMT1,3,5357
75,0.000206301891957697,0.0149362569777373,-0.460517494895314,ANKS1A,3,5304
76,0.000222026128353857,0.01580262413355,-0.464450839396367,PCK2,3,5310
77,0.000224088776847763,0.01580262413355,-0.520212275485896,SCCPDH,3,5361
78,0.000227792146741573,0.0158578379077787,0.713063311286738,PTGER3,3,36
79,0.000232444562148309,0.0159768857274091,-0.46306273646743,PCDHGA12,3,5308
80,0.000269907898829291,0.0181583065568199,-0.65218792295931,SPINT2,3,5412
81,0.000270869766317203,0.0181583065568199,-0.46038098081662,MRPL19,3,5303
82,0.000278322250648302,0.018430363670979,-0.722245572954217,HLA-E,3,5424
83,0.000284197741320191,0.0185926956068511,-0.533042137637677,ACSL4,3,5368
84,0.000297261575157802,0.0192158375369865,-0.488567990513675,PPIG,3,5334
85,0.000301109622600686,0.0192355911849614,-0.425100642422068,COX15,3,5256
86,0.000312347828694662,0.0197214966257211,-0.538948920550696,SMARCA4,3,5372
87,0.000323065710823793,0.0201637564341747,-0.408884771767772,LZIC,3,5207
88,0.000344095464781686,0.0212322542473245,-0.579809863098855,VIM,3,5390
89,0.000370685878402241,0.022496409086389,-0.45973257491214,LSM10,3,5301
90,0.000372868658890425,0.022496409086389,0.742470992480494,SMIM24,3,31
91,0.000382914820112741,0.0228486535517822,-0.500710737569034,ZMYND8,3,5348
92,0.000408288858480985,0.0240979184951277,-0.552023995219679,PIGR,3,5378
93,0.000424633973643641,0.0247931449127416,0.67374013287121,TBC1D1,3,48
94,0.000434008769641263,0.0250709321186389,-0.534931367575447,MPZL2,3,5370
95,0.000443163134081814,0.0253302717690973,-0.550645116273247,LTF,3,5376
96,0.000455257380708827,0.025742629880803,-0.499214583483743,PTPN11,3,5344
97,0.000459859134150624,0.025742629880803,-0.424959441357662,TMEM120A,3,5255
98,0.000551447660778471,0.0305547020206846,0.583099729433671,C12orf75,3,93
99,0.000578533777412829,0.0316484070098531,-0.59203935026255,KIZ,3,5393
100,0.000582843591341678,0.0316484070098531,-0.576454618198147,HNRNPU,3,5389
101,0.000594276802097327,0.0319497330236484,-0.430844385736227,TMEM43,3,5266
102,0.000614180020275359,0.0326960540205412,-0.6322012454942,IFI30,3,5405
103,0.000652049816343775,0.0343750534247252,-0.509811286367371,SGK1,3,5354
104,0.00068191078528889,0.0353089718729181,-0.439174818614469,CYB5D2,3,5276
105,0.000691606914210438,0.0353089718729181,0.670995352461327,COX7B,3,49
106,0.000691778668851714,0.0353089718729181,-0.422804574187653,CERS5,3,5249
107,0.000697398485127849,0.0353089718729181,-0.465901792123346,ENSG00000285976,3,5312
108,0.000702277893605,0.0353089718729181,-0.41597045387639,HOXB5,3,5227
109,0.000723062450867656,0.0360152801851489,-0.594221445471076,NPM1,3,5395
110,0.000729591311301359,0.0360152801851489,-0.516880230829192,CEP170B,3,5360
111,0.000747993386099064,0.0365910278064677,-0.785069241221275,TMSB10,3,5426
112,0.000779182656211374,0.0375425393383426,-0.506677758599313,CLDN3,3,5353
113,0.000781271997280427,0.0375425393383426,0.689906817174952,ETFA,3,39
114,0.00079665195464943,0.0379457904714597,-0.436756092257967,RETREG3,3,5274
115,0.000860538818102452,0.0406323981069245,0.632466745599494,TMEM213,3,66
116,0.000892146854801457,0.0417617019101027,0.755078420937724,SLC4A11,3,27
117,0.000920623649202092,0.042726379616815,-0.506239446298342,SND1,3,5352
118,0.000956411299492647,0.0440111301376701,-0.636402399601853,GRN,3,5407
119,0.000998288286167485,0.0455521461671382,-0.499890808918277,SYTL2,3,5345
120,0.00106971639844809,0.0484046670297761,0.735542623368635,CYB5B,3,33
121,0.00111205475510992,0.0495551151366561,-0.669053958140102,ITGB6,3,5418
122,0.00111339301043684,0.0495551151366561,-0.408122268671581,QPRT,3,5205
123,0.00113669116708071,0.0500642723844271,-0.467328778735627,S100A16,3,5318
124,0.00114678089032439,0.0500642723844271,0.73856428859744,KLK1,3,32
125,0.00115249245820504,0.0500642723844271,-0.611313067113673,IFITM2,3,5400
126,0.00121234567361327,0.0510263029019344,-0.493920762195089,LAMC1,3,5341
127,0.00121255951771895,0.0510263029019344,-0.529736892545204,NRP1,3,5364
128,0.00121369860009488,0.0510263029019344,-0.514770936643163,SRSF11,3,5358
129,0.00121753857750033,0.0510263029019344,-0.555694780709327,CTSB,3,5381
130,0.00122162419470561,0.0510263029019344,-0.594753774042928,CLU,3,5396
131,0.0013246668262057,0.0549079455442517,-0.464869594656066,KCNJ16,3,5311
132,0.00134945599951853,0.0555117127074669,-0.531449822783146,WARS1,3,5366
133,0.0013712320707977,0.0559833845445978,0.605073903153527,COX4I1,3,77
134,0.00138326537051484,0.0560532161335493,-0.44014659477656,SLC16A4,3,5279
135,0.00140529024724951,0.0561629349213104,-0.382117031155184,CNOT3,3,5145
136,0.00141026628849019,0.0561629349213104,-0.516145914427451,CCL2,3,5359
137,0.00141700222545479,0.0561629349213104,-0.418172844557128,SDC3,3,5232
138,0.00149140173356024,0.0586834160379139,0.608206191348225,PEBP1,3,76
139,0.00150568750790099,0.0588193033662041,-0.440237736828384,TNRC6B,3,5280
140,0.00153295233550446,0.0589450629266489,0.602124180711327,UQCRQ,3,79
141,0.00155085175849616,0.0589450629266489,-0.466340132385549,APOC2,3,5314
142,0.00155128622422913,0.0589450629266489,-0.550791328757333,TGM2,3,5377
143,0.00155736014989155,0.0589450629266489,0.624757117843404,MT-CO1,3,70
144,0.001563183989215,0.0589450629266489,-0.474878498373783,SYNE2,3,5324
145,0.00157772323800328,0.0590830150507435,-0.541719646292971,ACTR2,3,5373
146,0.00172655676977626,0.064213720958117,0.601889948607986,ATP1B1,3,81
147,0.00180040081379188,0.0658684038755714,-0.447501369431548,UHMK1,3,5291
148,0.00181768496287973,0.0658684038755714,0.63998133053968,VDAC1,3,60
149,0.00182565417372075,0.0658684038755714,0.678601109911765,PVALB,3,44
150,0.00183225112085728,0.0658684038755714,0.586482965968615,RPS15,3,88
151,0.00184249542736215,0.0658684038755714,-0.395776653372074,MGAT4A,3,5173
152,0.00184383009007124,0.0658684038755714,-0.477102771879396,GALNT7,3,5327
153,0.00191073299215151,0.0678122885449849,0.684187823477047,MT-ND1,3,41
154,0.00192518529733765,0.0678815335359964,-0.455688562841411,ALDH2,3,5299
155,0.00200503421149533,0.0702408759252879,-0.512559603367409,GNPTG,3,5355
156,0.0020377638893062,0.0704446243199966,-0.493615775669566,EIF5B,3,5339
157,0.00204892913318429,0.0704446243199966,-0.433631107982257,ASS1,3,5269
158,0.00204976991575681,0.0704446243199966,-0.396000661771406,SLC20A1,3,5174
159,0.00209503852273755,0.0712853706266408,-0.441638517470656,BICC1,3,5282
160,0.00210594654696798,0.0712853706266408,-0.425413721817541,RNASE1,3,5257
161,0.00211361780311034,0.0712853706266408,-0.443256709098173,UBE2V2,3,5287
162,0.00214896725974516,0.072030198891458,-0.547815142923468,NNMT,3,5375
163,0.00216325085489239,0.0720641235709552,-0.494335506624966,IFNGR2,3,5343
164,0.00218815749540793,0.0724493609760064,-0.503659780853914,NCKAP1,3,5350
165,0.00220232290590629,0.0724764447216434,0.585748745996797,APLP2,3,89
166,0.00235320655907778,0.0768435777746802,-0.416090679695637,PRKAR2A,3,5228
167,0.00236332918754541,0.0768435777746802,-0.472006903409394,SAA1,3,5321
168,0.00238232415131859,0.0769770997041303,-0.466555130282452,ARL4C,3,5315
169,0.00240025816274757,0.0769770997041303,-0.494203313731872,GLYR1,3,5342
170,0.00240996444745896,0.0769770997041303,-0.415004058971692,RTF1,3,5223
171,0.00249009262803574,0.0788792650296035,-0.46960009676899,MZT2B,3,5319
172,0.00249856972101138,0.0788792650296035,-0.443621352489005,ID1,3,5288
173,0.00252388356831188,0.0792178484158005,-0.399176063588356,CMTM7,3,5187
174,0.0025436648700033,0.0793798864604479,-0.602017694533381,ACTN4,3,5398
175,0.00259562773668087,0.0795448347923952,-0.384557835537585,ATOSB,3,5154
176,0.00259954924562714,0.0795448347923952,-0.6003162625341,RNF213,3,5397
177,0.00260132720041639,0.0795448347923952,0.477453514842476,MYL6,3,193
178,0.00260754707054261,0.0795448347923952,-0.44219488082979,DOK4,3,5283
179,0.00269344996997268,0.081187229073056,-0.424485203959492,DDX19B,3,5254
180,0.00269486288433367,0.081187229073056,-0.398703213746616,VGLL4,3,5184
181,0.00271526150760987,0.081187229073056,-0.411672227563648,ITPR3,3,5213
182,0.00272119257666596,0.081187229073056,0.533872301170132,GAPDH,3,128
183,0.00280841347640593,0.0833316129884382,0.616716261993538,RPS25,3,74
184,0.00291958116432123,0.0861593789253494,-0.453781067538012,SEMA3F,3,5297
185,0.00294718085354477,0.086503740728368,-0.397597920329979,XIAP,3,5177
186,0.00301610248412138,0.0880507338106404,-0.393501157307787,SLC16A5,3,5165
187,0.00304851510568809,0.0885210536036703,-0.403960621630465,SMIM22,3,5198
188,0.00309192842328532,0.0889356632188753,-0.552363262978188,PTP4A2,3,5379
189,0.00309555070872328,0.0889356632188753,0.985883071999698,CLCNKA,3,6
190,0.00311922338278269,0.0891441208868949,0.566522113597628,ATP6V0A4,3,101
191,0.00317375097543882,0.0901925404594111,0.869494581562154,LINC01802,3,16
192,0.0032054635906844,0.0901925404594111,0.630322670487369,NDUFB10,3,69
193,0.00320573854671572,0.0901925404594111,0.676259873886645,SERPINA5,3,47
194,0.00325463899989611,0.0910963390177107,-0.386565539666346,ENSG00000235419,3,5156
195,0.00330696060853053,0.0920861338683115,0.514791039307811,COX6C,3,147
196,0.00334415121385732,0.0925415266975005,-0.434585997449925,CFB,3,5270
197,0.00335739977152995,0.0925415266975005,-0.491178628616791,TGFBI,3,5337
198,0.00340884102748139,0.0927882454912977,0.556059230265443,RAN,3,112
199,0.00341638487744437,0.0927882454912977,-0.373768333902947,FAM168B,3,5122
200,0.00343110854538819,0.0927882454912977,-0.396117198460294,ITGB2,3,5175
201,0.00344433161984133,0.0927882454912977,-0.428277622648824,CHD3,3,5263
202,0.00345358276449839,0.0927882454912977,-0.429513290437202,NDUFB5,3,5264
203,0.00347169265735221,0.0927882454912977,-0.447328177210083,MYOF,3,5289
204,0.00348596723392721,0.0927882454912977,-0.470039189620703,PTPRG,3,5320
205,0.00390484709446638,0.103054057622565,0.57130885459851,HLA-B,3,98
206,0.00390960144940118,0.103054057622565,-0.350273800548064,NFKBIZ,3,5052
207,0.00400684553901956,0.105090698831439,0.655942389273576,MT2A,3,55
208,0.00402557373055974,0.105090698831439,-0.412833388862016,TMEM176B,3,5219
209,0.00406886355520763,0.105712579448696,-0.397874121238932,HEXIM1,3,5178
210,0.00416621210879797,0.107726341670348,-0.425937394592932,PLA2G7,3,5258
211,0.00421987278130198,0.108289432663566,0.536910930355048,ATP5PF,3,124
212,0.00422787471909318,0.108289432663566,-0.500011220620533,ANXA2,3,5346
213,0.00435465022896558,0.111012914287714,-0.4612254760886,CRYZ,3,5306
214,0.00447464374027138,0.113538857521839,0.622970365791493,RPL17,3,72
215,0.00457779895515475,0.115616038727862,-0.535040109804018,ERP29,3,5371
216,0.00462729829802926,0.116088796294423,0.494930147970421,GPX3,3,175
217,0.00464936833793625,0.116088796294423,-0.3671778491985,MED4,3,5106
218,0.00467358632598517,0.116088796294423,-0.482913965703347,SHB,3,5331
219,0.00468203432568668,0.116088796294423,-0.393593328711451,PCSK7,3,5167
220,0.00475269922688995,0.116887644826619,-0.422144749445157,NUP98,3,5245
221,0.00475730561817363,0.116887644826619,0.733292077151334,FBXW11,3,34
222,0.00478487187380706,0.117035379616092,-0.379834929956909,CDC25B,3,5138
223,0.00490923822977903,0.119538850169059,-0.466260639394536,MOB1A,3,5313
224,0.00500106272497493,0.121231118734883,-0.397937505787154,USP4,3,5179
225,0.00508888971349833,0.122811871752426,-0.361986220334111,RAB27A,3,5089
226,0.00511359461113782,0.122862029816276,-0.447452642119023,LYN,3,5290
227,0.00515546219411845,0.123056877453788,0.538555892908334,UQCRB,3,123
228,0.00517448212999999,0.123056877453788,-0.415537658688698,MUC1,3,5225
229,0.00519378482287052,0.123056877453788,0.623251166781828,HSD11B2,3,71
230,0.00521235392529858,0.123056877453788,0.53427631275095,ATP6AP2,3,126
231,0.0052841170016459,0.124211061986741,-0.476077288516882,SLC35F5,3,5325
232,0.00538696002123243,0.125694145832512,-0.439409033091801,CADPS2,3,5277
233,0.00540763089380953,0.125694145832512,-0.435516635445773,ADAMDEC1,3,5271
234,0.00541665379830714,0.125694145832512,-0.370902987919303,MTMR6,3,5116
235,0.00559229464917151,0.128956371113982,0.637009605477867,STXBP6,3,64
236,0.00560473362484341,0.128956371113982,0.57943380610205,MYO10,3,94
237,0.0056494791212382,0.1294374330309,-0.562185518053546,TNFSF10,3,5386
238,0.00567625402811279,0.129504451145599,-0.408682181006862,BNIP3L,3,5206
239,0.00573761945505977,0.129726555268556,-0.421838180249898,APOC1,3,5244
240,0.00574927642336133,0.129726555268556,0.644108851239963,ATRAID,3,57
241,0.00575766110860442,0.129726555268556,-0.426414127378474,IARS1,3,5261
242,0.00582148048232002,0.130087022576934,-0.410218582310209,TCN1,3,5209
243,0.00583710881424674,0.130087022576934,-0.458695932941641,CTSZ,3,5300
244,0.00584553103292301,0.130087022576934,0.746433412570723,CAAP1,3,28
245,0.00590044765090631,0.130631723506263,-0.439659602428051,TNFSF13,3,5278
246,0.00591812228039424,0.130631723506263,-0.359328275385574,FZD6,3,5074
247,0.0060595792744775,0.132746174137472,-0.419927772370592,FSTL1,3,5234
248,0.00606280868988822,0.132746174137472,0.660185142364666,POLR2K,3,52
249,0.00615979080193199,0.133444651849325,0.506077384476131,ANK2,3,158
250,0.0061622298666703,0.133444651849325,0.820801527138261,EGLN2,3,21
251,0.00616843602471097,0.133444651849325,-0.452553370944479,SNX1,3,5296
252,0.00622697333142262,0.134176449165178,-0.611538848891758,CTSD,3,5401
253,0.0062856895228469,0.134510021849472,-0.393849456467171,ATP11A,3,5168
254,0.00629199733881508,0.134510021849472,0.550053662598298,ATP5PO,3,118
255,0.00643761941693287,0.137083425231159,-0.484903378161248,SHISA5,3,5333
256,0.00655470531609762,0.139031444790664,0.63132954246565,TP53INP2,3,68
257,0.00684237878570414,0.144568547884722,0.742936765221061,UBE2QL1,3,29
258,0.00690421122145673,0.145309561753915,-0.450319789072685,SMG5,3,5294
259,0.00696832980066016,0.146092783079477,0.789923348277966,PSMG3,3,24
260,0.00705167218672212,0.147271461438081,0.637476634677742,HEBP1,3,63
261,0.00709613374444985,0.14763220778683,-0.404065274723596,MARK4,3,5199
262,0.00714121920308402,0.147698142198472,0.602032917029349,GNA11,3,80
263,0.00718031646139331,0.147698142198472,-0.409103343428905,NAPG,3,5208
264,0.00722904379461431,0.147698142198472,-0.423252609902815,ACIN1,3,5250
265,0.00722984848977165,0.147698142198472,-0.525405279644259,NAMPT,3,5362
266,0.00723530494010929,0.147698142198472,0.639340334555077,FKBP9,3,62
267,0.00729390895540047,0.147933565803685,0.591930250921002,MYL6B,3,86
268,0.00730132516305483,0.147933565803685,0.678127520303824,NRXN3,3,45
269,0.00750003832943019,0.15086035550219,0.565516916543212,DIAPH1,3,102
270,0.0075013436437553,0.15086035550219,0.650456293547531,LGALS8,3,56
271,0.00757144402199912,0.151708269518285,-0.419072607262468,SRPRB,3,5233
272,0.00762734617186747,0.152266506298678,-0.40326615951485,ARHGAP29,3,5196
273,0.00765966036920246,0.152351486464357,-0.442648766315179,COL4A2,3,5285
274,0.00777806054031506,0.15384773104073,-0.370014321969377,ACTN1,3,5114
275,0.00779155175620638,0.15384773104073,0.54457303034052,RTN3,3,120
276,0.00785022001597688,0.154041037422485,-0.422585449992527,GRHPR,3,5248
277,0.00787314923895508,0.154041037422485,-0.400284583357622,MMP2,3,5190
278,0.00788644721978838,0.154041037422485,-0.417990174807418,VPS26A,3,5231
279,0.00810324059046836,0.157625877436941,-0.355876110316475,SAMHD1,3,5068
280,0.00814008081844734,0.157625877436941,-0.435534750752978,SSH3,3,5272
281,0.00815706658559491,0.157625877436941,-0.344640982085313,TP53I3,3,5036
282,0.00823102319241161,0.158490978492181,0.427793135777823,PLEKHA7,3,271
283,0.00851083468660548,0.162802450654314,-0.365003572832128,SOX9,3,5101
284,0.00851489797160687,0.162802450654314,0.590620098942747,RETREG1,3,87
285,0.00861023902466638,0.164047711943644,0.501024640255989,ATP6V0B,3,168
286,0.00869357767284192,0.165056387285076,-0.422434288436198,MARCKS,3,5246
287,0.00873699996193853,0.165302821579534,0.72482898245683,SOS2,3,35
288,0.00877267558918639,0.165401487671118,-0.400905352006602,PSMD2,3,5193
289,0.0088293177934543,0.165893410444487,0.632170704486395,TSPAN7,3,67
290,0.00886733748872462,0.166033250219913,-0.463295030116363,RNF10,3,5309
291,0.00900081577615768,0.167953366544798,0.552459452291367,CAST,3,116
292,0.00919010435016829,0.169542038217957,0.756518115673147,FXYD6-AS1,3,26
293,0.00919679096408895,0.169542038217957,0.452717331782028,BPIFA2,3,230
294,0.00921418450655343,0.169542038217957,-0.462806322783886,PCNP,3,5307
295,0.00924788825252674,0.169542038217957,-0.415026653951883,BCL3,3,5224
296,0.0092513324897112,0.169542038217957,-0.442897840608904,LRRC41,3,5286
297,0.00929765988426712,0.169542038217957,0.563222555780974,MKKS,3,104
298,0.00930451701453979,0.169542038217957,-0.531698685632792,RPL19,3,5367
299,0.00942164361357964,0.171102089704808,-0.412852067081491,RHOT2,3,5220
300,0.00951649896540001,0.17224863127374,-0.473123180860405,CYBA,3,5323
301,0.0097501262753113,0.175890982308772,-0.4013941369965,WWTR1,3,5194
302,0.00986365094937369,0.176197480522164,-0.411691737310952,G6PC3,3,5214
303,0.00987817727727507,0.176197480522164,-0.355550260361728,MRM2,3,5067
304,0.00991479840015682,0.176197480522164,0.687224283160789,FAM200B,3,40
305,0.00992507111480622,0.176197480522164,-0.42150737476734,UFD1,3,5242
306,0.00992936078080703,0.176197480522164,0.639410901079303,UROD,3,61
1,6.98166255559679e-08,0.000283233307050216,-0.577196735155387,SLC29A1,4,5415
2,1.04321660055328e-07,0.000283233307050216,-0.687045362736738,C1QB,4,5430
3,6.13188267895786e-07,0.00110987076489137,-0.612593414565126,CPAMD8,4,5424
4,1.18805548376783e-06,0.00161278531921483,-0.679473537989283,SDS,4,5429
5,2.27374957400953e-06,0.00192666392503032,-0.581308196469918,GMDS,4,5417
6,2.86447145167681e-06,0.00192666392503032,-0.51325405862377,RPUSD1,4,5395
7,2.98870712290548e-06,0.00192666392503032,-0.596506062378464,MMP12,4,5420
8,3.16572947040801e-06,0.00192666392503032,-0.517754084849067,SIRT5,4,5398
9,3.19336562159722e-06,0.00192666392503032,-0.667855421979088,CD68,4,5427
10,4.0431271323263e-06,0.00219541803285318,-0.673159874500155,ATRAID,4,5428
11,6.18694271048124e-06,0.00305409990162846,0.660322307180129,SRP14,4,7
12,7.27587334426208e-06,0.00329233268827859,-0.569204964051639,ITGB2,4,5414
13,1.28179849037041e-05,0.00507160471506924,-0.484074589557434,HSPBP1,4,5382
14,1.37361413046469e-05,0.00507160471506924,-0.528065961873995,KIF1C,4,5403
15,1.40099577764344e-05,0.00507160471506924,-0.657690939467717,COL4A2,4,5426
16,1.71643918721958e-05,0.00582516549162645,-0.608084319531678,SF3B1,4,5422
17,2.0011436062642e-05,0.00639188810706742,-0.580754722344154,ERP44,4,5416
18,3.42733438726488e-05,0.0103391254015824,-0.605122600204829,TYROBP,4,5421
19,4.54620923776106e-05,0.0128910863254142,-0.556793930683135,ZNF277,4,5411
20,4.7480980940752e-05,0.0128910863254142,-0.538799508692505,CEBPG,4,5408
21,5.31686092328791e-05,0.0137478832445016,-0.564018594427359,C1QC,4,5412
22,6.21237129440786e-05,0.0153332618766521,-0.452047757947895,SCRIB,4,5360
23,8.76188720954131e-05,0.0206856728468736,-0.527234467886878,ARPC5L,4,5402
24,0.000104884594839563,0.023730139582451,-0.481126424581346,PSMG3,4,5380
25,0.000112577966314785,0.0244519342835713,-0.583506189542853,TGFBI,4,5418
26,0.000119577362200489,0.0249732721826406,-0.424851752471527,PDK4,4,5319
27,0.000181804112424548,0.0365628270542703,-0.514570651867344,ZCCHC10,4,5396
28,0.000332406414980871,0.0644631011909331,-0.470282749352457,NME1,4,5374
29,0.000382041767138491,0.0706267873497503,-0.53660335915398,EGLN2,4,5406
30,0.000400722957886886,0.0706267873497503,-0.612501260833827,LAPTM5,4,5423
31,0.000403210019860453,0.0706267873497503,-0.428861980025055,ZNF33A,4,5326
32,0.00043742640849484,0.0720160743078649,-0.531247481852837,SCAMP3,4,5405
33,0.000437666749937301,0.0720160743078649,0.560330118225012,RPS21,4,41
34,0.000459607978490006,0.073402097741198,0.637800827822334,OOEP-AS1,4,14
35,0.000490251593172199,0.0760590328835725,-0.538688675954518,ACP5,4,5407
36,0.000535739496791697,0.0789650333599961,-0.46478712827747,NAGA,4,5369
37,0.000538067446467745,0.0789650333599961,0.656776400779749,APRT,4,8
38,0.000620537891176434,0.0866085978282074,-0.639325728752124,ATP6V0D1,4,5425
39,0.000627798674373995,0.0866085978282074,-0.392729092037671,PI4K2A,4,5264
40,0.000638000720649779,0.0866085978282074,-0.472844198612787,LACTB,4,5375
41,0.000678497320274487,0.0898595231485479,-0.443417517996628,CD53,4,5344
42,0.000745564912381869,0.0963908922436559,-0.526699781536872,ABCA1,4,5400
43,0.000779259467532658,0.098404160667496,-0.430521050769603,PSMD3,4,5329
44,0.000798302307680657,0.0985177620614992,-0.434790110425803,SERGEF,4,5334
45,0.000873309033563591,0.104816376927063,-0.40482579652865,AGTRAP,4,5286
46,0.000887947207853571,0.104816376927063,-0.422168134325804,ARHGEF10L,4,5313
47,0.000995709733401759,0.109786811267142,-0.435956813263124,RMC1,4,5339
48,0.000996460853895376,0.109786811267142,-0.395048584661742,TAPT1,4,5268
49,0.00101904903649454,0.109786811267142,-0.516336724615655,GADD45B,4,5397
50,0.00102349827484006,0.109786811267142,-0.410909321196031,GTF3C5,4,5296
51,0.00104650778605781,0.109786811267142,-0.427668293671745,FN1,4,5324
52,0.00105136541176637,0.109786811267142,-0.449951334296387,UBE2D1,4,5355
53,0.00113552847298805,0.114987377435052,-0.445938405081057,ERBB3,4,5348
54,0.00114352088056957,0.114987377435052,-0.426219846044817,CUEDC1,4,5322
55,0.00126506805622927,0.124896719005908,-0.454284405604005,VAPB,4,5362
56,0.00133626465548769,0.12956994784461,-0.495572556711834,GALNT7,4,5389
57,0.00145829495954773,0.138416929529061,-0.48627873767724,TJP3,4,5384
58,0.00147848654008942,0.138416929529061,-0.450589756019881,LINC02672,4,5357
59,0.00155183195376686,0.142536455341964,-0.451777771289896,CLN5,4,5358
60,0.00159419036823464,0.142536455341964,-0.481031464861814,SLC16A3,4,5379
61,0.00163423652744306,0.142536455341964,-0.470122714993182,LSP1,4,5373
62,0.00164630158300935,0.142536455341964,-0.410613409636501,SAFB,4,5294
63,0.00167710134115957,0.142536455341964,-0.444034627130005,HSD17B11,4,5345
64,0.00170383670506782,0.142536455341964,-0.448390785050805,TMEM176A,4,5352
65,0.00170623749488539,0.142536455341964,0.607075518494663,NME2,4,26
66,0.00185761870935281,0.150065489373178,-0.448357765359584,RHPN2,4,5351
67,0.00187308566952169,0.150065489373178,-0.503559472092595,SCPEP1,4,5391
68,0.00187927316342102,0.150065489373178,0.837074835527066,YIF1A,4,2
69,0.00195453055044969,0.153813056361475,-0.477637825276697,SNUPN,4,5378
70,0.00218488077970114,0.169484323339674,-0.475663953975743,KIAA2013,4,5377
71,0.00230999831449043,0.176666068277226,-0.450439066556899,ATRN,4,5356
72,0.00248211688833507,0.185854186756101,-0.398553813821343,STAB1,4,5272
73,0.00249859219764187,0.185854186756101,-0.429377029813762,PWP1,4,5328
74,0.00262880908511513,0.190595236947285,-0.416860694618453,TRUB2,4,5304
75,0.00263253089706194,0.190595236947285,-0.37516916575289,MTHFD1L,4,5220
76,0.00271629263859724,0.191032503950117,-0.491114654140808,S100A13,4,5386
77,0.00276306454019274,0.191032503950117,-0.49144759804227,QPCT,4,5387
78,0.00283281342777511,0.191032503950117,-0.540857494814517,HLA-DMB,4,5410
79,0.00283918803039368,0.191032503950117,-0.404333229665165,SELENON,4,5285
80,0.00284925209847677,0.191032503950117,-0.586892626038141,ZYG11B,4,5419
81,0.0028602236139479,0.191032503950117,-0.496484442864991,GORASP2,4,5390
82,0.00290026330980968,0.191032503950117,-0.568425215516486,QARS1,4,5413
83,0.00294524168452049,0.191032503950117,-0.451846589567183,ACP2,4,5359
84,0.00295898444818153,0.191032503950117,-0.418030573341665,FYB1,4,5309
85,0.00300712360844334,0.191032503950117,-0.423691304739072,FAM13A,4,5317
86,0.00303669490854497,0.191032503950117,-0.407672602764288,OAS1,4,5291
87,0.00306074177599636,0.191032503950117,-0.50731693030553,BAD,4,5392
88,0.0031347022406473,0.192375778526028,-0.394145046321441,DUSP16,4,5265
89,0.00315312049517798,0.192375778526028,-0.435011119735082,TOM1L1,4,5336
90,0.0032198245226031,0.194262746197053,-0.402231948215964,GAA,4,5278
91,0.00328040031347107,0.195742568155472,0.849711187755732,UFD1,4,1
92,0.00337302939313783,0.198995390620197,-0.38892974242278,ALPK3,4,5256
93,0.00340820834763873,0.198995390620197,-0.466849535614076,VARS1,4,5371
94,0.00353559075139959,0.199117468351854,-0.435246488341505,DVL3,4,5337
95,0.00354360664717404,0.199117468351854,-0.465252810746332,CCT3,4,5370
96,0.00356899694322383,0.199117468351854,-0.410896506819966,SYS1,4,5295
97,0.00359086243838302,0.199117468351854,-0.510781150417742,IFNGR1,4,5394
98,0.00359364860008872,0.199117468351854,-0.396612772816508,DUOX2,4,5271
99,0.00369080595206676,0.202435114340631,-0.41335157343827,U2AF2,4,5301
100,0.00390942000542419,0.209725646447473,-0.409858829518565,TMEM185B,4,5292
101,0.00398293766760732,0.209725646447473,-0.521266684573145,VIM,4,5399
102,0.00401548553538499,0.209725646447473,-0.411771796433756,TAP1,4,5298
103,0.00404787799048337,0.209725646447473,-0.461382076714257,MYO5A,4,5367
104,0.00405276904156976,0.209725646447473,-0.441629734264982,CTSB,4,5343
105,0.00405546830147047,0.209725646447473,-0.509255008840804,LIPA,4,5393
106,0.00431644392824842,0.219108891416725,-0.459736483772287,APOE,4,5366
107,0.00431761535572552,0.219108891416725,-0.459000168301476,PAFAH1B2,4,5365
108,0.00439968663222264,0.221206466786749,-0.411747313325304,TPRN,4,5297
109,0.00454116509689719,0.224575372395893,-0.405813500294915,MICALL1,4,5288
110,0.00456163893971138,0.224575372395893,-0.404867382329233,LHFPL2,4,5287
111,0.00461985234457718,0.224575372395893,-0.382444239783093,ROCK1,4,5240
112,0.00463212554481399,0.224575372395893,-0.493578527869352,ELAVL1,4,5388
113,0.00487967243434792,0.234483374500082,-0.43489847625444,PLAUR,4,5335
114,0.00498092467990768,0.237249307121918,-0.530331005499939,FLNA,4,5404
115,0.00523724315961054,0.245540202889083,-0.395836310531361,MACROD1,4,5269
116,0.00524542606540215,0.245540202889083,-0.377487503248243,NCK2,4,5228
117,0.00545431416048918,0.253136118730395,-0.484781589852733,JUND,4,5383
118,0.00568458756591387,0.261587376973833,-0.403412291619483,TSPAN17,4,5281
119,0.00599408726421664,0.270124110772184,-0.446371649749276,LAMB1,4,5349
120,0.00600282245609506,0.270124110772184,-0.432779188721194,AKR1C1,4,5332
121,0.00602202652275061,0.270124110772184,0.543792004466537,RPS15A,4,49
122,0.00611268347915983,0.270124110772184,-0.402830257415034,ENSG00000289084,4,5280
123,0.00611883344843068,0.270124110772184,0.722169607776879,PSME3IP1,4,4
124,0.00626519588758367,0.272854862611056,-0.540292166664305,MAL,4,5409
125,0.00630670844405297,0.272854862611056,-0.423843287996789,GPR107,4,5318
126,0.00633143880091953,0.272854862611056,-0.364641345577743,H6PD,4,5189
127,0.00656240896574739,0.280581737669357,-0.412810814971965,ADPGK,4,5300
128,0.00676479002663207,0.285065190983802,-0.433148086789566,BRD4,4,5333
129,0.00677226696812346,0.285065190983802,-0.364197012424716,PCMTD2,4,5186
130,0.00686645499567191,0.285254101282853,0.484467478857154,RPLP1,4,89
131,0.0068818208596784,0.285254101282853,-0.419791770400295,PSAP,4,5312
132,0.00703541354047171,0.289411329733041,-0.388692956050667,PANK2,4,5255
133,0.00720241447021317,0.293478947569424,-0.360737343269232,PDLIM1,4,5175
134,0.00728250119776786,0.293478947569424,-0.416720993293056,CERS4,4,5303
135,0.00729643792299672,0.293478947569424,-0.430768085366537,TSG101,4,5330
136,0.00742272037503912,0.295520505332045,-0.354622003122075,KANSL2,4,5157
137,0.00745604221555989,0.295520505332045,-0.358428210266778,RILPL2,4,5169
138,0.00755344689685926,0.297126646106552,0.432013533791863,RPL29,4,156
139,0.0076060043846797,0.297126646106552,-0.36198233834775,PCGF5,4,5180
140,0.007724676715236,0.297887961411128,-0.391961572282896,PIAS1,4,5259
141,0.00773521225763703,0.297887961411128,-0.435390701690506,MRPL12,4,5338
142,0.00788329426926395,0.300557591072524,-0.383048287614416,CZIB,4,5241
143,0.00791523674463553,0.300557591072524,-0.363062941277822,PLEKHA1,4,5183
144,0.00815456395299018,0.306923254323079,-0.426064258931551,DNASE2,4,5320
145,0.0082194307580791,0.306923254323079,-0.376860422269976,UFL1,4,5225
146,0.00825244845877893,0.306923254323079,-0.438100741559078,NUCB2,4,5340
147,0.00834161910206214,0.308129195402704,-0.355806313370207,C11orf54,4,5160
148,0.0086133513514494,0.316016877286285,0.508980231654248,PPIA,4,62
149,0.00904805957727217,0.327475295545316,-0.441209304255252,NUDT9,4,5342
150,0.00909297968006649,0.327475295545316,-0.396217365756917,PWWP3A,4,5270
151,0.0091620999874359,0.327475295545316,-0.432618035104584,SEC24B,4,5331
152,0.00922515517775239,0.327475295545316,-0.35417980733057,GGT7,4,5155
153,0.00922973091190948,0.327475295545316,0.372980404379005,RPL36,4,271
154,0.00928843203876144,0.327475295545316,-0.406717020794533,NIPSNAP2,4,5290
155,0.00934782151188287,0.327475295545316,-0.40266597276534,A4GALT,4,5279
156,0.00947416308726102,0.32842689884862,-0.444346933359602,UBE2L3,4,5347
157,0.00949595269230816,0.32842689884862,-0.383277329488745,RSU1,4,5242
158,0.00955714805361363,0.328451353994443,0.61818893760441,HMOX2,4,20
159,0.00990253801174324,0.338181015118024,0.448328737185578,RPS29,4,131
160,0.00997004781840719,0.338358497837194,-0.391930583747497,ESD,4,5258
161,0.0101421994393705,0.339763582704217,0.770404160016906,TIMM10,4,3
195,0.0142446516583244,0.393209135932083,0.71295672806515,PI3,4,5
198,0.0143889739959089,0.393209135932083,0.696315404151396,UBXN1,4,6
316,0.0290441306198071,0.499081105270736,0.646561469024623,POLR3K,4,10
331,0.0320414995217624,0.523004710902333,0.64757234457406,STK38,4,9
1,3.98702389938251e-10,2.1649539773647e-06,-0.647252724797977,TIMM17B,5,5422
2,9.3278095507619e-10,2.53250029303186e-06,-0.626839116509223,NUDT3,5,5421
3,1.25890756506673e-08,2.27862269277079e-05,-0.589149424019378,SLC52A2,5,5415
4,2.06243170493182e-08,2.79975103944495e-05,-0.573938547083823,MYG1,5,5411
5,2.65709713766027e-08,2.88560749149905e-05,-0.568146926577971,VBP1,5,5410
6,1.54884801978167e-07,0.000140170745790241,-0.538672498792424,ERLIN2,5,5393
7,3.52758279010674e-07,0.000273639636432566,-0.508840029572901,TDP2,5,5375
8,6.042940874845e-07,0.000410164611880104,-0.515174639487275,PARL,5,5378
9,1.07515420973506e-06,0.000646052856498483,-0.581788835033355,SLC38A10,5,5413
10,1.18978426611139e-06,0.000646052856498483,-0.470103641152705,DNAJB2,5,5347
11,1.4525790483863e-06,0.000682762444132673,-0.562357367416635,MAGOH,5,5409
12,1.50886727985121e-06,0.000682762444132673,-0.489965400313403,WASHC2A,5,5362
13,1.69329986005672e-06,0.000707278326162153,-0.494783770556461,UBAP1,5,5368
14,2.85249060912813e-06,0.00110635885768327,-0.792434968315929,GABARAPL1,5,5430
15,3.10304797315838e-06,0.00111973158716324,-0.484785070653308,SPPL2B,5,5360
16,3.42886077571386e-06,0.00111973158716324,-0.4601923889635,MRPL19,5,5332
17,3.52220585547674e-06,0.00111973158716324,-0.472723214698774,SLC50A1,5,5349
18,3.71181741601074e-06,0.00111973158716324,-0.482130390421524,KCNIP4,5,5356
19,4.49009223109641e-06,0.00128322109551861,-0.464555979432945,XAB2,5,5342
20,5.47721222049538e-06,0.0014870631178645,-0.461661909052246,CFAP298,5,5333
21,7.06381764801603e-06,0.00182650142041557,-0.544862226268885,SERPINH1,5,5399
22,8.71605791137461e-06,0.00215128156630746,0.799228581195812,MT-CO2,5,7
23,9.61479739270122e-06,0.00217003428592156,-0.591263407804604,MAP3K13,5,5416
24,9.86752755579868e-06,0.00217003428592156,-0.43966557975327,MMP14,5,5312
25,9.99094975102006e-06,0.00217003428592156,-0.550090260827978,FBLIM1,5,5401
26,1.08701168653969e-05,0.00227018209919635,-0.446391310564329,MIOS,5,5319
27,1.16654261425688e-05,0.00234604681311662,-0.462487696123892,ENSG00000275234,5,5337
28,1.2298847113291e-05,0.00238509785089893,-0.431823298056805,CNNM4,5,5303
29,1.46154745205574e-05,0.00273662160850437,-0.435351935025215,TBC1D13,5,5307
30,1.60256897376525e-05,0.0029006498425151,-0.595119461278031,AKR1A1,5,5417
31,1.74203725751525e-05,0.00294786617547021,-0.499595283491871,PROM1,5,5372
32,1.78395952008277e-05,0.00294786617547021,-0.429945818059246,NOP58,5,5297
33,1.79152088012002e-05,0.00294786617547021,-0.425175490425194,COQ4,5,5285
34,2.02560950742978e-05,0.00323501753686579,-0.423579352383147,PCED1A,5,5284
35,2.59691502313471e-05,0.00399848203173324,-0.421906767270228,TMCO4,5,5280
36,2.6509273138563e-05,0.00399848203173324,-0.507913569293777,PSME3IP1,5,5374
37,2.7493294568492e-05,0.00403482674343005,-0.414994311289542,MANSC1,5,5264
38,2.88440419556163e-05,0.00412166178471043,-0.42657375128119,ARHGEF40,5,5288
39,2.97564155175008e-05,0.00414300862205204,-0.429972952443683,TTC39A,5,5298
40,3.26989391134981e-05,0.00443888098465737,-0.418234865000521,RBM27,5,5273
41,3.60359756292944e-05,0.00477256945529436,-0.431337709472414,ZCCHC3,5,5301
42,3.86337388011597e-05,0.00490959335550051,0.715409962766936,MT-ND4,5,18
43,3.8878916074866e-05,0.00490959335550051,-0.417929324874343,DNM1L,5,5272
44,3.98663893718928e-05,0.00491987487021314,-0.414707186179214,METTL23,5,5262
45,4.39124843062587e-05,0.00521279034910016,-0.421185887921198,TFCP2,5,5279
46,4.41599182428375e-05,0.00521279034910016,-0.42238208876288,GAB1,5,5282
47,4.99197552834172e-05,0.00574823164505046,-0.50727911453896,SNRPC,5,5373
48,5.10809835034924e-05,0.00574823164505046,-0.41617560615785,ANAPC15,5,5265
49,5.18717036109526e-05,0.00574823164505046,-0.405484729713444,WIZ,5,5243
50,5.89884183313918e-05,0.00640614223078915,-0.395170258750511,GASK1B,5,5219
51,6.58056421843482e-05,0.00700636543256883,-0.399265710570244,NOP14,5,5227
52,7.15201036877003e-05,0.00737257253488896,-0.516118123534735,PIN1,5,5380
53,7.19606527346436e-05,0.00737257253488896,-0.402735434430389,ARHGAP17,5,5234
54,7.70496084213746e-05,0.00768556840214953,-0.396065657446377,ENSG00000290032,5,5221
55,7.8280992678588e-05,0.00768556840214953,-0.393401717081408,TMEM63B,5,5215
56,7.92618472413212e-05,0.00768556840214953,-0.490501648032153,MAP4,5,5363
57,9.03688695702433e-05,0.00860517450650474,-0.389475771589624,CTNS,5,5208
58,9.19153078042864e-05,0.00860517450650474,-0.443778703046071,NT5DC2,5,5316
59,9.71866370316179e-05,0.0089444650691811,-0.458320124742223,PSMD4,5,5331
60,0.000103991795993294,0.00941125753739309,-0.382911658710286,TACC2,5,5194
61,0.000107773071210993,0.00959357010943761,-0.38761764999859,SLC41A3,5,5201
62,0.000135815548233661,0.0118948133372384,-0.587346560823546,CD2AP,5,5414
63,0.000139387668366962,0.0120138895116286,-0.456831426579628,MAP1LC3A,5,5328
64,0.000188852694734155,0.016022970818851,-0.478582692579801,ACLY,5,5352
65,0.000204168379501089,0.0170559123183217,-0.457236303360218,ENTPD6,5,5329
66,0.000215825192021339,0.0177565271617556,-0.462254993765689,NIPSNAP1,5,5335
67,0.000219683192117186,0.0177927732743054,-0.619630901587408,LTF,5,5420
68,0.000222992188491481,0.0177927732743054,-0.556710391542807,IST1,5,5405
69,0.000226096013982887,0.0177927732743054,-0.726080069767058,PTTG1IP,5,5429
70,0.000247157495200036,0.0191723599848028,-0.453746787065304,SMARCC1,5,5325
71,0.000288980965417818,0.0221009386227993,-0.551680232632667,MIDN,5,5403
72,0.00032131398854919,0.0237570300042354,-0.494068985752156,RNF7,5,5366
73,0.000323426485690325,0.0237570300042354,-0.46311939238142,UPK3BL1,5,5339
74,0.000323760629891974,0.0237570300042354,-0.553199278956029,MMADHC,5,5404
75,0.000370112921144153,0.0267961754908367,0.760225971008405,MT-ND5,5,12
76,0.000384867932440789,0.0274978009625459,-0.528703421201564,COL4A1,5,5390
77,0.000453621857776575,0.0319891777626857,-0.447323995148081,PPP2R2A,5,5320
78,0.000511617400636365,0.0356164421212239,-0.515314843306696,RALBP1,5,5379
79,0.000553395316354245,0.0380371717443487,-0.448019481242824,CUL4A,5,5321
80,0.000565107080349677,0.0383371777792429,0.5222651145751,CTSD,5,90
81,0.000571880552508044,0.0383371777792429,-0.551551050251443,DAZAP1,5,5402
82,0.000598152309315012,0.0396093541412258,-0.428769411630618,HNRNPH3,5,5294
83,0.000615913127322265,0.0402940756790349,-0.481934927309553,COA6,5,5355
84,0.000643499309779123,0.041597633953579,-0.560089885744788,COX7A2L,5,5406
85,0.000663366885164809,0.0423774374875872,-0.399306434344819,GLMP,5,5228
86,0.000691367959121013,0.0436526513724081,-0.709621816969245,ATP5PO,5,5428
87,0.000775029246119159,0.0483725150164027,-0.40510426063032,EIF2A,5,5242
88,0.000795129065826569,0.0490630775845258,-0.401572292989808,PIH1D1,5,5231
89,0.000814733135227063,0.0493534401110341,-0.60710833389585,TRIOBP,5,5419
90,0.000818012819519901,0.0493534401110341,-0.483495571619565,NCSTN,5,5357
91,0.000828500223637732,0.0494368814764053,0.667985293638892,ATP6V0A4,5,25
92,0.000988152831529803,0.0583224986435525,-0.396142639038814,SOX9,5,5222
93,0.00108484667678488,0.0633410479026009,-0.386588963338107,VWA1,5,5200
94,0.0011841725431477,0.0684048607371493,-0.370119224200856,PBDC1,5,5165
95,0.00128738955926336,0.0726786218107958,-0.497441344462822,FAM50A,5,5371
96,0.00129258498804397,0.0726786218107958,-0.544376050835717,C3,5,5398
97,0.00129831055536781,0.0726786218107958,-0.435877437876578,PPP2R5B,5,5309
98,0.00141233452054903,0.0782548616998087,-0.408449912980566,FAM20A,5,5246
99,0.00147763320691647,0.0810459425611762,0.655335631078377,MT-CO1,5,28
100,0.00149826754375677,0.0813559276259928,-0.454153367697873,PIP4P1,5,5326
101,0.00152515561805616,0.0819959901588607,-0.410447025022082,LRRC8A,5,5250
102,0.00155907685396998,0.0829979148731075,-0.389303571649479,INPP1,5,5207
103,0.00160475600363363,0.0846002436867048,-0.427335708147257,SPAG9,5,5289
104,0.00169061026341867,0.088209014202132,-0.394065373678481,SEPTIN8,5,5217
105,0.00171351614475869,0.088209014202132,-0.540892304451724,GANAB,5,5394
106,0.00172194392365119,0.088209014202132,-0.375562933507742,C15orf48,5,5174
107,0.00179540216856357,0.0911124651897214,-0.382830124908595,NRIP1,5,5193
108,0.0018333159311289,0.0921750509817583,-0.417709671503003,UBR1,5,5271
109,0.00185029481371268,0.0921752370500904,-0.37286992375411,TRAPPC6A,5,5171
110,0.00192306145571353,0.0943164028070549,-0.488380105192073,SLC25A1,5,5361
111,0.00192801486401162,0.0943164028070549,-0.454357129840037,RRAGC,5,5327
112,0.00197351828966587,0.0956803956507649,-0.432571579670149,AIP,5,5305
113,0.0020226918163773,0.0968688857338293,-0.4297763612074,SH3GL1,5,5296
114,0.00203371141319642,0.0968688857338293,-0.411228219542022,NRDC,5,5251
115,0.0021685033176492,0.101666631839346,-0.361135848110582,BBIP1,5,5141
116,0.0021890985417452,0.101666631839346,-0.512202252846064,EIF6,5,5377
117,0.00219060698438371,0.101666631839346,-0.493387971577561,BLVRB,5,5365
118,0.00243776150678763,0.112178347303871,-0.562248132885634,TINAGL1,5,5408
119,0.00256613764567541,0.117093507697626,-0.382808178875867,PSMD11,5,5192
120,0.00266472090627057,0.120578621008743,-0.484151783301177,YIF1A,5,5358
121,0.0026870792851758,0.120585458830617,-0.378935811836528,CXCL1,5,5184
122,0.0027454343050244,0.122194330133463,-0.412944672093512,TSPAN15,5,5259
123,0.00277570130753299,0.122537057722798,-0.519371169536848,UGDH,5,5383
124,0.00286233869778204,0.123663689488396,-0.474313446636434,LRBA,5,5351
125,0.00286591339984203,0.123663689488396,-0.360312704522097,CLDN10,5,5138
126,0.00289065372545043,0.123663689488396,-0.391033716632304,ZFAND3,5,5212
127,0.00290661454962044,0.123663689488396,-0.495825025634881,TOMM20,5,5370
128,0.00293037605121435,0.123663689488396,-0.392407927447824,NELFCD,5,5213
129,0.00293786665635415,0.123663689488396,-0.347154669364757,AP5Z1,5,5095
130,0.00314630302644659,0.131418657181577,-0.450871767271308,ARHGAP29,5,5322
131,0.00319098411006638,0.132267509295118,-0.409813040999779,HMG20B,5,5249
132,0.00362784662006766,0.148498843109952,-0.340291451821886,SYS1,5,5072
133,0.00363726448133032,0.148498843109952,-0.538381830235789,NCOA4,5,5392
134,0.0037137079378691,0.150488314198726,0.580488503405352,MT-ND3,5,48
135,0.00380297858573458,0.152964249781769,-0.437505960425239,SUMO1,5,5310
136,0.00405617441231183,0.161948728373921,0.699227989542913,GNG11,5,21
137,0.00410862476088776,0.162845492347595,-0.530001635844873,CD164,5,5391
138,0.0042755638769178,0.168234143852635,-0.520470805928745,PXN,5,5384
139,0.00452040174453725,0.175866883354927,-0.36798495057392,LSM10,5,5158
140,0.00453432111780658,0.175866883354927,-0.466851129110407,LAMC1,5,5345
141,0.00460722049882107,0.177109241088164,-0.494981230884531,RAB11FIP1,5,5369
142,0.0046315860468728,0.177109241088164,-0.344913363689334,PMF1,5,5088
143,0.00474576397993284,0.180206282594653,-0.378770595740806,DEAF1,5,5183
144,0.00484539934750653,0.182711933728892,-0.344412637583529,ENSG00000267279,5,5086
145,0.00496815722113676,0.185151645783843,-0.368019590941744,NEMF,5,5159
146,0.00497829471168344,0.185151645783843,-0.451353495309313,TEX264,5,5323
147,0.00508184897497251,0.18771727846327,-0.522297090228239,YPEL5,5,5387
148,0.00513633690440347,0.188448036425073,0.877336629852133,NIPSNAP2,5,3
149,0.00518913442307834,0.189107381995405,-0.354480772639307,COL14A1,5,5119
150,0.00531555753190973,0.192002600789627,-0.478953431587159,AIF1L,5,5353
151,0.00533929884332112,0.192002600789627,-0.343716262963726,NSF,5,5081
152,0.00556623045501683,0.198846259018035,-0.428608588247255,WDR41,5,5293
153,0.00568143267217326,0.201635159541835,-0.541339013312765,DCDC2,5,5395
154,0.00608233926875638,0.213083675930671,-0.412897462945179,C22orf39,5,5258
155,0.00608249903669503,0.213083675930671,-0.382342768134811,HOXB2,5,5190
156,0.00620901130117287,0.21612135490621,-0.445547640892794,COPB2,5,5318
157,0.00638658597124682,0.220886381043759,0.933586947461703,PNN,5,1
158,0.00652652601208866,0.224297697757224,-0.350895802456481,SH2B1,5,5110
159,0.00666187100639319,0.22723057983695,-0.331433833849169,TOR3A,5,5049
160,0.00669556036351971,0.22723057983695,-0.314705698024682,SLC15A4,5,4972
161,0.00677585075328505,0.228527140312657,-0.364829250100934,TRAP1,5,5145
162,0.00711866972122189,0.238607262877993,-0.312644963966656,AVL9,5,4968
163,0.00716684127470883,0.238748147985699,-0.648780892328522,RPL14,5,5423
164,0.00733281461625984,0.242787703452993,-0.367963303659131,OBSL1,5,5157
165,0.00746914432109588,0.245156811142502,-0.372026522813314,AQP3,5,5169
166,0.0075220028609242,0.245156811142502,-0.365213285626345,ADTRP,5,5146
167,0.00760284964578834,0.245156811142502,-0.492218660417857,LINC01517,5,5364
168,0.00762113922436232,0.245156811142502,0.455544574611972,MT-CYB,5,180
169,0.00765449992769824,0.245156811142502,0.678541288567745,STARD7,5,24
170,0.00767525928070447,0.245156811142502,-0.443940487896644,RELA,5,5317
171,0.00783129037760177,0.247775327109762,-0.471474542063494,MRPS24,5,5348
172,0.00784850023257441,0.247775327109762,-0.524851203570123,ENSG00000285080,5,5389
173,0.00823603019688371,0.257608592580068,-0.402264332680693,REXO2,5,5233
174,0.00825486097770385,0.257608592580068,-0.365356573333321,RAB5A,5,5147
175,0.0083048115353124,0.257686437924265,0.564676839077763,NOP10,5,56
176,0.00853595531091416,0.262157479922056,-0.320713857698578,PMVK,5,5009
177,0.00854546481513885,0.262157479922056,-0.369413782466241,TNFAIP8,5,5164
178,0.00868263202515606,0.263081052957065,0.582336234584784,PTGS1,5,46
179,0.00875298862807055,0.263081052957065,-0.581304927908719,EIF4A1,5,5412
180,0.00875953351306597,0.263081052957065,-0.516801532252778,JUP,5,5381
181,0.00877349650539086,0.263081052957065,0.560014327170696,MT-ND4L,5,61
182,0.00888921472337932,0.263081052957065,-0.428789930350851,PTDSS1,5,5295
183,0.00896642783964845,0.263081052957065,-0.521504087962341,ABCC4,5,5386
184,0.00899116851700457,0.263081052957065,-0.441999545011058,MTHFS,5,5315
185,0.00900043478098989,0.263081052957065,-0.312284192920391,MIEF1,5,4967
186,0.00903262818571172,0.263081052957065,-0.392436093732714,HSDL2,5,5214
187,0.0090600657279873,0.263081052957065,-0.345349846002181,SNAPC1,5,5091
188,0.00925914724043024,0.267431752742214,-0.352632405270094,CHMP4C,5,5115
189,0.00943869186492438,0.269612932159985,-0.44135115696526,ZNF503,5,5314
190,0.00947573207219531,0.269612932159985,-0.379488701059225,GRB7,5,5185
191,0.00948362247560906,0.269612932159985,-0.416558626260777,AGPAT2,5,5266
192,0.00967491895129169,0.272883967780543,0.503457338609915,LAPTM5,5,104
193,0.00974378693797514,0.272883967780543,-0.69163800044965,RPS5,5,5427
194,0.0097494456260452,0.272883967780543,-0.353899911281166,PDHX,5,5117
195,0.00992219841046896,0.274918912977329,-0.323342846140433,SNAPIN,5,5016
196,0.00992340827689808,0.274918912977329,-0.561684358747779,GLS,5,5407
214,0.0126081922535502,0.318779869439963,0.826338571108078,SLC41A2,5,5
246,0.0171325131271071,0.378168887317851,0.924495394244347,RAB15,5,2
261,0.0182937468573231,0.37997097367584,0.864500267229636,RUVBL2,5,4
314,0.0260875894654881,0.449437618149525,0.801767926886401,PDZD8,5,6
339,0.0305686171138865,0.489638911293226,0.782058045772212,NOP16,5,10
355,0.0349411227462801,0.53334320258358,0.792412462659752,SAE1,5,8
356,0.034972073310654,0.53334320258358,0.791618532334214,PAK1,5,9
